TABLE_NAME,COLUMN_NAME,DATA_LENGTH,DATA_TYPE,COLUMN_ID,NULLABLE
ADMIN_ITEM,ABAC_ATTR,22,NUMBER,39,Y
ADMIN_ITEM,ADMIN_ITEM_TYP_ID,22,NUMBER,18,N
ADMIN_ITEM,ADMIN_NOTES,"4,000",VARCHAR2,10,Y
ADMIN_ITEM,ADMIN_STUS_ID,22,NUMBER,20,Y
ADMIN_ITEM,ADMIN_STUS_NM_DN,50,VARCHAR2,44,Y
ADMIN_ITEM,ALT_KEY,20,VARCHAR2,38,Y
ADMIN_ITEM,BTCH_NR,22,NUMBER,37,Y
ADMIN_ITEM,CASE_FILE_ID,22,NUMBER,35,Y
ADMIN_ITEM,CHNG_DESC_TXT,"2,000",VARCHAR2,11,Y
ADMIN_ITEM,CLSFCTN_SCHM_ID,22,NUMBER,4,Y
ADMIN_ITEM,CLSFCTN_SCHM_VER_NR,22,NUMBER,17,Y
ADMIN_ITEM,CNTXT_ITEM_ID,22,NUMBER,6,Y
ADMIN_ITEM,CNTXT_NM_DN,175,VARCHAR2,45,Y
ADMIN_ITEM,CNTXT_VER_NR,22,NUMBER,7,Y
ADMIN_ITEM,CREATION_DT,7,DATE,12,Y
ADMIN_ITEM,CREAT_DT,7,DATE,27,Y
ADMIN_ITEM,CREAT_USR_ID,50,VARCHAR2,28,Y
ADMIN_ITEM,CREAT_USR_ID_X,50,VARCHAR2,47,Y
ADMIN_ITEM,CURRNT_VER_IND,22,NUMBER,19,N
ADMIN_ITEM,DATA_ID_STR,15,VARCHAR2,1,Y
ADMIN_ITEM,DEF_SRC,"2,000",VARCHAR2,42,Y
ADMIN_ITEM,EFF_DT,7,DATE,13,Y
ADMIN_ITEM,FLD_DELETE,22,NUMBER,30,Y
ADMIN_ITEM,ITEM_DESC,"4,000",VARCHAR2,5,Y
ADMIN_ITEM,ITEM_ID,22,NUMBER,2,N
ADMIN_ITEM,ITEM_LONG_NM,30,VARCHAR2,8,Y
ADMIN_ITEM,ITEM_NM,255,VARCHAR2,9,N
ADMIN_ITEM,LEGCY_CD,50,VARCHAR2,34,Y
ADMIN_ITEM,LST_DEL_DT,7,DATE,31,Y
ADMIN_ITEM,LST_UPD_DT,7,DATE,33,Y
ADMIN_ITEM,LST_UPD_USR_ID,50,VARCHAR2,29,Y
ADMIN_ITEM,LST_UPD_USR_ID_X,50,VARCHAR2,48,Y
ADMIN_ITEM,NCI_IDSEQ,36,CHAR,46,Y
ADMIN_ITEM,ORIGIN,500,VARCHAR2,14,Y
ADMIN_ITEM,ORIGIN_ID,22,NUMBER,40,Y
ADMIN_ITEM,ORIGIN_ID_DN,500,VARCHAR2,41,Y
ADMIN_ITEM,REGISTRR_CNTCT_ID,22,NUMBER,22,Y
ADMIN_ITEM,REGSTR_AUTH_ID,22,NUMBER,36,Y
ADMIN_ITEM,REGSTR_STUS_ID,22,NUMBER,21,Y
ADMIN_ITEM,REGSTR_STUS_NM_DN,50,VARCHAR2,43,Y
ADMIN_ITEM,S2P_TRN_DT,7,DATE,32,Y
ADMIN_ITEM,STEWRD_CNTCT_ID,22,NUMBER,24,Y
ADMIN_ITEM,STEWRD_ORG_ID,22,NUMBER,26,Y
ADMIN_ITEM,SUBMT_CNTCT_ID,22,NUMBER,23,Y
ADMIN_ITEM,SUBMT_ORG_ID,22,NUMBER,25,Y
ADMIN_ITEM,UNRSLVD_ISSUE,"1,000",VARCHAR2,15,Y
ADMIN_ITEM,UNTL_DT,7,DATE,16,Y
ADMIN_ITEM,VER_NR,22,NUMBER,3,N
ADMIN_ITEM_AUDIT,CHNG_DESC,100,VARCHAR2,6,Y
ADMIN_ITEM_AUDIT,CHNG_TYP_ID,22,NUMBER,4,Y
ADMIN_ITEM_AUDIT,CREAT_DT,7,DATE,5,Y
ADMIN_ITEM_AUDIT,CREAT_USR_ID,50,VARCHAR2,7,Y
ADMIN_ITEM_AUDIT,FLD_DELETE,22,NUMBER,10,Y
ADMIN_ITEM_AUDIT,ITEM_ID,22,NUMBER,2,Y
ADMIN_ITEM_AUDIT,LOG_ID,22,NUMBER,1,N
ADMIN_ITEM_AUDIT,LST_DEL_DT,7,DATE,11,Y
ADMIN_ITEM_AUDIT,LST_UPD_DT,7,DATE,13,Y
ADMIN_ITEM_AUDIT,LST_UPD_USR_ID,50,VARCHAR2,9,Y
ADMIN_ITEM_AUDIT,S2P_TRN_DT,7,DATE,12,Y
ADMIN_ITEM_AUDIT,TS,7,DATE,8,Y
ADMIN_ITEM_AUDIT,VER_NR,22,NUMBER,3,Y
ADMIN_ITEM_CLSFCTN_SCHM_ITEM,CLSFCTN_SCHM_ITEM_ID,22,NUMBER,3,N
ADMIN_ITEM_CLSFCTN_SCHM_ITEM,CREAT_DT,7,DATE,4,Y
ADMIN_ITEM_CLSFCTN_SCHM_ITEM,CREAT_USR_ID,50,VARCHAR2,5,Y
ADMIN_ITEM_CLSFCTN_SCHM_ITEM,FLD_DELETE,22,NUMBER,7,Y
ADMIN_ITEM_CLSFCTN_SCHM_ITEM,ITEM_ID,22,NUMBER,1,N
ADMIN_ITEM_CLSFCTN_SCHM_ITEM,LST_DEL_DT,7,DATE,8,Y
ADMIN_ITEM_CLSFCTN_SCHM_ITEM,LST_UPD_DT,7,DATE,10,Y
ADMIN_ITEM_CLSFCTN_SCHM_ITEM,LST_UPD_USR_ID,50,VARCHAR2,6,Y
ADMIN_ITEM_CLSFCTN_SCHM_ITEM,S2P_TRN_DT,7,DATE,9,Y
ADMIN_ITEM_CLSFCTN_SCHM_ITEM,VER_NR,22,NUMBER,2,N
ADMIN_ITEM_LANG_VAR,ADMIN_ITEM_ALT_NM,150,VARCHAR2,4,Y
ADMIN_ITEM_LANG_VAR,CREAT_DT,7,DATE,5,Y
ADMIN_ITEM_LANG_VAR,CREAT_USR_ID,50,VARCHAR2,6,Y
ADMIN_ITEM_LANG_VAR,FLD_DELETE,22,NUMBER,8,Y
ADMIN_ITEM_LANG_VAR,ITEM_ID,22,NUMBER,1,N
ADMIN_ITEM_LANG_VAR,LANG_ID,22,NUMBER,3,N
ADMIN_ITEM_LANG_VAR,LST_DEL_DT,7,DATE,9,Y
ADMIN_ITEM_LANG_VAR,LST_UPD_DT,7,DATE,11,Y
ADMIN_ITEM_LANG_VAR,LST_UPD_USR_ID,50,VARCHAR2,7,Y
ADMIN_ITEM_LANG_VAR,S2P_TRN_DT,7,DATE,10,Y
ADMIN_ITEM_LANG_VAR,VER_NR,22,NUMBER,2,N
ADMIN_ITEM_REF_DOC,CREAT_DT,7,DATE,1,Y
ADMIN_ITEM_REF_DOC,CREAT_USR_ID,50,VARCHAR2,2,Y
ADMIN_ITEM_REF_DOC,FLD_DELETE,22,NUMBER,4,Y
ADMIN_ITEM_REF_DOC,ITEM_ID,22,NUMBER,9,N
ADMIN_ITEM_REF_DOC,LST_DEL_DT,7,DATE,5,Y
ADMIN_ITEM_REF_DOC,LST_UPD_DT,7,DATE,7,Y
ADMIN_ITEM_REF_DOC,LST_UPD_USR_ID,50,VARCHAR2,3,Y
ADMIN_ITEM_REF_DOC,REF_DOC_ID,22,NUMBER,8,N
ADMIN_ITEM_REF_DOC,S2P_TRN_DT,7,DATE,6,Y
ADMIN_ITEM_REF_DOC,VER_NR,22,NUMBER,10,N
AI_INPUT_TAB,CONDITION,500,VARCHAR2,5,Y
AI_INPUT_TAB,IDSEQ_NAME,50,VARCHAR2,2,Y
AI_INPUT_TAB,ITEMID_NAME,50,VARCHAR2,1,Y
AI_INPUT_TAB,ITEM_TYPE,30,VARCHAR2,6,Y
AI_INPUT_TAB,ITEM_TYPE_CODE,22,NUMBER,4,Y
AI_INPUT_TAB,TAB_NAME,50,VARCHAR2,3,Y
ALT_DEF,CNTXT_ITEM_ID,22,NUMBER,14,Y
ALT_DEF,CNTXT_VER_NR,22,NUMBER,15,Y
ALT_DEF,CREAT_DT,7,DATE,7,Y
ALT_DEF,CREAT_USR_ID,50,VARCHAR2,8,Y
ALT_DEF,DEF_DESC,"4,000",VARCHAR2,3,N
ALT_DEF,DEF_ID,22,NUMBER,1,N
ALT_DEF,FLD_DELETE,22,NUMBER,10,Y
ALT_DEF,ITEM_ID,22,NUMBER,4,N
ALT_DEF,LANG_ID,22,NUMBER,6,Y
ALT_DEF,LST_DEL_DT,7,DATE,11,Y
ALT_DEF,LST_UPD_DT,7,DATE,13,Y
ALT_DEF,LST_UPD_USR_ID,50,VARCHAR2,9,Y
ALT_DEF,NCI_DEF_TYP_ID,22,NUMBER,17,Y
ALT_DEF,NCI_IDSEQ,36,CHAR,16,Y
ALT_DEF,PREF_DEF_IND,1,CHAR,2,N
ALT_DEF,S2P_TRN_DT,7,DATE,12,Y
ALT_DEF,VER_NR,22,NUMBER,5,N
ALT_NMS,CNTXT_ITEM_ID,22,NUMBER,5,Y
ALT_NMS,CNTXT_NM_DN,175,VARCHAR2,18,Y
ALT_NMS,CNTXT_VER_NR,22,NUMBER,7,Y
ALT_NMS,CREAT_DT,7,DATE,9,Y
ALT_NMS,CREAT_USR_ID,50,VARCHAR2,10,Y
ALT_NMS,FLD_DELETE,22,NUMBER,12,Y
ALT_NMS,ITEM_ID,22,NUMBER,4,N
ALT_NMS,LANG_ID,22,NUMBER,8,Y
ALT_NMS,LST_DEL_DT,7,DATE,13,Y
ALT_NMS,LST_UPD_DT,7,DATE,15,Y
ALT_NMS,LST_UPD_USR_ID,50,VARCHAR2,11,Y
ALT_NMS,NCI_IDSEQ,36,CHAR,17,Y
ALT_NMS,NM_DESC,"2,000",VARCHAR2,3,N
ALT_NMS,NM_ID,22,NUMBER,1,N
ALT_NMS,NM_TYP_ID,22,NUMBER,16,N
ALT_NMS,PREF_NM_IND,1,CHAR,2,N
ALT_NMS,S2P_TRN_DT,7,DATE,14,Y
ALT_NMS,VER_NR,22,NUMBER,6,N
CASE_FILES,CASE_FILE_CD,50,VARCHAR2,3,Y
CASE_FILES,CASE_FILE_DESC,255,VARCHAR2,2,N
CASE_FILES,CASE_FILE_ID,22,NUMBER,1,N
CASE_FILES,CHNG_PROP_NR,30,VARCHAR2,4,Y
CASE_FILES,CNTRL_NR,30,VARCHAR2,6,Y
CASE_FILES,CREAT_DT,7,DATE,5,Y
CASE_FILES,CREAT_USR_ID,50,VARCHAR2,7,Y
CASE_FILES,EST_DT,7,DATE,13,Y
CASE_FILES,FLD_DELETE,22,NUMBER,9,Y
CASE_FILES,LST_DEL_DT,7,DATE,10,Y
CASE_FILES,LST_UPD_DT,7,DATE,12,Y
CASE_FILES,LST_UPD_USR_ID,50,VARCHAR2,8,Y
CASE_FILES,S2P_TRN_DT,7,DATE,11,Y
CHAR_SET,CHAR_SET_DESC,255,VARCHAR2,3,Y
CHAR_SET,CHAR_SET_ID,22,NUMBER,1,N
CHAR_SET,CHAR_SET_NM,30,VARCHAR2,2,N
CHAR_SET,CREAT_DT,7,DATE,4,Y
CHAR_SET,CREAT_USR_ID,50,VARCHAR2,5,Y
CHAR_SET,FLD_DELETE,22,NUMBER,7,Y
CHAR_SET,LST_DEL_DT,7,DATE,8,Y
CHAR_SET,LST_UPD_DT,7,DATE,10,Y
CHAR_SET,LST_UPD_USR_ID,50,VARCHAR2,6,Y
CHAR_SET,S2P_TRN_DT,7,DATE,9,Y
CLSFCTN_SCHM,CLSFCTN_SCHM_TYP_ID,22,NUMBER,1,Y
CLSFCTN_SCHM,CREAT_DT,7,DATE,4,Y
CLSFCTN_SCHM,CREAT_USR_ID,50,VARCHAR2,5,Y
CLSFCTN_SCHM,FLD_DELETE,22,NUMBER,7,Y
CLSFCTN_SCHM,ITEM_ID,22,NUMBER,3,N
CLSFCTN_SCHM,LST_DEL_DT,7,DATE,8,Y
CLSFCTN_SCHM,LST_UPD_DT,7,DATE,10,Y
CLSFCTN_SCHM,LST_UPD_USR_ID,50,VARCHAR2,6,Y
CLSFCTN_SCHM,NCI_LABEL_TYP_FLG,1,CHAR,11,Y
CLSFCTN_SCHM,S2P_TRN_DT,7,DATE,9,Y
CLSFCTN_SCHM,VER_NR,22,NUMBER,2,N
CLSFCTN_SCHM_ITEM,CLSFCTN_SCHM_ID,22,NUMBER,5,N
CLSFCTN_SCHM_ITEM,CLSFCTN_SCHM_ITEM_CONCAT_NM,"1,000",VARCHAR2,15,Y
CLSFCTN_SCHM_ITEM,CLSFCTN_SCHM_ITEM_DESC,"1,000",VARCHAR2,16,Y
CLSFCTN_SCHM_ITEM,CLSFCTN_SCHM_ITEM_ID,22,NUMBER,3,N
CLSFCTN_SCHM_ITEM,CLSFCTN_SCHM_ITEM_NM,50,VARCHAR2,1,N
CLSFCTN_SCHM_ITEM,CLSFCTN_SCHM_ITEM_VAL,"1,024",VARCHAR2,2,Y
CLSFCTN_SCHM_ITEM,CLSFCTN_SCHM_VER_NR,22,NUMBER,4,N
CLSFCTN_SCHM_ITEM,CREAT_DT,7,DATE,6,Y
CLSFCTN_SCHM_ITEM,CREAT_USR_ID,50,VARCHAR2,7,Y
CLSFCTN_SCHM_ITEM,FLD_DELETE,22,NUMBER,9,Y
CLSFCTN_SCHM_ITEM,LEGCY_CD,50,VARCHAR2,14,Y
CLSFCTN_SCHM_ITEM,LST_DEL_DT,7,DATE,10,Y
CLSFCTN_SCHM_ITEM,LST_UPD_DT,7,DATE,12,Y
CLSFCTN_SCHM_ITEM,LST_UPD_USR_ID,50,VARCHAR2,8,Y
CLSFCTN_SCHM_ITEM,PRNT_CLSFCTN_SCHM_ITEM_ID,22,NUMBER,13,Y
CLSFCTN_SCHM_ITEM,S2P_TRN_DT,7,DATE,11,Y
CLSFCTN_SCHM_ITEM_PERM_VAL,ALT_DEF,50,VARCHAR2,12,Y
CLSFCTN_SCHM_ITEM_PERM_VAL,ALT_NM,50,VARCHAR2,10,Y
CLSFCTN_SCHM_ITEM_PERM_VAL,CLSFCTN_SCHM_ITEM_ID,22,NUMBER,1,N
CLSFCTN_SCHM_ITEM_PERM_VAL,CREAT_DT,7,DATE,4,Y
CLSFCTN_SCHM_ITEM_PERM_VAL,CREAT_USR_ID,50,VARCHAR2,7,Y
CLSFCTN_SCHM_ITEM_PERM_VAL,FLD_DELETE,22,NUMBER,11,Y
CLSFCTN_SCHM_ITEM_PERM_VAL,LST_DEL_DT,7,DATE,13,Y
CLSFCTN_SCHM_ITEM_PERM_VAL,LST_UPD_DT,7,DATE,15,Y
CLSFCTN_SCHM_ITEM_PERM_VAL,LST_UPD_USR_ID,50,VARCHAR2,9,Y
CLSFCTN_SCHM_ITEM_PERM_VAL,PERM_VAL_NM,50,VARCHAR2,6,Y
CLSFCTN_SCHM_ITEM_PERM_VAL,S2P_TRN_DT,7,DATE,14,Y
CLSFCTN_SCHM_ITEM_PERM_VAL,VAL_DOM_ITEM_ID,22,NUMBER,3,Y
CLSFCTN_SCHM_ITEM_PERM_VAL,VAL_DOM_VER_NR,22,NUMBER,5,Y
CLSFCTN_SCHM_ITEM_PERM_VAL,VAL_ID,22,NUMBER,2,N
CLSFCTN_SCHM_ITEM_PERM_VAL,VAL_MEAN_DESC,50,VARCHAR2,8,Y
CLSFCTN_SCHM_ITEM_REL,CLSFCTN_SCHM_REL_TYP_ID,22,NUMBER,1,Y
CLSFCTN_SCHM_ITEM_REL,CREAT_DT,7,DATE,4,Y
CLSFCTN_SCHM_ITEM_REL,CREAT_USR_ID,50,VARCHAR2,5,Y
CLSFCTN_SCHM_ITEM_REL,FLD_DELETE,22,NUMBER,7,Y
CLSFCTN_SCHM_ITEM_REL,LST_DEL_DT,7,DATE,8,Y
CLSFCTN_SCHM_ITEM_REL,LST_UPD_DT,7,DATE,10,Y
CLSFCTN_SCHM_ITEM_REL,LST_UPD_USR_ID,50,VARCHAR2,6,Y
CLSFCTN_SCHM_ITEM_REL,PRMRY_CLSFCTN_SCHM_ITEM_ID,22,NUMBER,2,N
CLSFCTN_SCHM_ITEM_REL,S2P_TRN_DT,7,DATE,9,Y
CLSFCTN_SCHM_ITEM_REL,SCNDRY_CLSFCTN_SCHM_ITEM_ID,22,NUMBER,3,N
CNCPT,CREAT_DT,7,DATE,3,Y
CNCPT,CREAT_USR_ID,50,VARCHAR2,4,Y
CNCPT,EVS_SRC_ID,22,NUMBER,10,Y
CNCPT,FLD_DELETE,22,NUMBER,6,Y
CNCPT,ITEM_ID,22,NUMBER,1,N
CNCPT,LST_DEL_DT,7,DATE,7,Y
CNCPT,LST_UPD_DT,7,DATE,9,Y
CNCPT,LST_UPD_USR_ID,50,VARCHAR2,5,Y
CNCPT,S2P_TRN_DT,7,DATE,8,Y
CNCPT,VER_NR,22,NUMBER,2,N
CNCPT_ADMIN_ITEM,CNCPT_AI_ID,22,NUMBER,15,N
CNCPT_ADMIN_ITEM,CNCPT_ITEM_ID,22,NUMBER,1,N
CNCPT_ADMIN_ITEM,CNCPT_VER_NR,22,NUMBER,2,N
CNCPT_ADMIN_ITEM,CREAT_DT,7,DATE,5,Y
CNCPT_ADMIN_ITEM,CREAT_USR_ID,50,VARCHAR2,6,Y
CNCPT_ADMIN_ITEM,FLD_DELETE,22,NUMBER,8,Y
CNCPT_ADMIN_ITEM,ITEM_ID,22,NUMBER,3,N
CNCPT_ADMIN_ITEM,LST_DEL_DT,7,DATE,9,Y
CNCPT_ADMIN_ITEM,LST_UPD_DT,7,DATE,11,Y
CNCPT_ADMIN_ITEM,LST_UPD_USR_ID,50,VARCHAR2,7,Y
CNCPT_ADMIN_ITEM,NCI_CNCPT_VAL,255,VARCHAR2,14,Y
CNCPT_ADMIN_ITEM,NCI_ORD,22,NUMBER,12,Y
CNCPT_ADMIN_ITEM,NCI_PRMRY_IND,22,NUMBER,13,Y
CNCPT_ADMIN_ITEM,S2P_TRN_DT,7,DATE,10,Y
CNCPT_ADMIN_ITEM,VER_NR,22,NUMBER,4,N
CNCPT_CSI,CLSFCTN_SCHM_ITEM_ID,22,NUMBER,3,N
CNCPT_CSI,CNCPT_ITEM_ID,22,NUMBER,1,N
CNCPT_CSI,CNCPT_VER_NR,22,NUMBER,2,N
CNCPT_CSI,CREAT_DT,7,DATE,4,Y
CNCPT_CSI,CREAT_USR_ID,50,VARCHAR2,5,Y
CNCPT_CSI,FLD_DELETE,22,NUMBER,7,Y
CNCPT_CSI,LST_DEL_DT,7,DATE,8,Y
CNCPT_CSI,LST_UPD_DT,7,DATE,10,Y
CNCPT_CSI,LST_UPD_USR_ID,50,VARCHAR2,6,Y
CNCPT_CSI,S2P_TRN_DT,7,DATE,9,Y
CNCPT_VAL_MEAN,CNCPT_ITEM_ID,22,NUMBER,1,N
CNCPT_VAL_MEAN,CNCPT_VER_NR,22,NUMBER,2,N
CNCPT_VAL_MEAN,CREAT_DT,7,DATE,4,Y
CNCPT_VAL_MEAN,CREAT_USR_ID,50,VARCHAR2,5,Y
CNCPT_VAL_MEAN,FLD_DELETE,22,NUMBER,7,Y
CNCPT_VAL_MEAN,LST_DEL_DT,7,DATE,8,Y
CNCPT_VAL_MEAN,LST_UPD_DT,7,DATE,10,Y
CNCPT_VAL_MEAN,LST_UPD_USR_ID,50,VARCHAR2,6,Y
CNCPT_VAL_MEAN,S2P_TRN_DT,7,DATE,9,Y
CNCPT_VAL_MEAN,VAL_MEAN_ID,22,NUMBER,3,N
CNTCT,CNTCT_ID,22,NUMBER,1,N
CNTCT,CNTCT_NM,50,VARCHAR2,2,N
CNTCT,CNTCT_REGSTRR_IND,1,CHAR,4,Y
CNTCT,CNTCT_SECU_ID,50,VARCHAR2,7,N
CNTCT,CNTCT_TTL,50,VARCHAR2,3,Y
CNTCT,CREAT_DT,7,DATE,5,Y
CNTCT,CREAT_USR_ID,50,VARCHAR2,6,Y
CNTCT,FLD_DELETE,22,NUMBER,9,Y
CNTCT,LST_DEL_DT,7,DATE,10,Y
CNTCT,LST_UPD_DT,7,DATE,12,Y
CNTCT,LST_UPD_USR_ID,50,VARCHAR2,8,Y
CNTCT,PHN_NBR,50,VARCHAR2,13,Y
CNTCT,S2P_TRN_DT,7,DATE,11,Y
CNTXT,CNTXT_ACRO,10,VARCHAR2,11,Y
CNTXT,CREAT_DT,7,DATE,4,Y
CNTXT,CREAT_USR_ID,50,VARCHAR2,5,Y
CNTXT,FLD_DELETE,22,NUMBER,7,Y
CNTXT,ITEM_ID,22,NUMBER,3,N
CNTXT,LANG_ID,22,NUMBER,1,Y
CNTXT,LST_DEL_DT,7,DATE,8,Y
CNTXT,LST_UPD_DT,7,DATE,10,Y
CNTXT,LST_UPD_USR_ID,50,VARCHAR2,6,Y
CNTXT,NCI_PRG_AREA_ID,22,NUMBER,12,N
CNTXT,S2P_TRN_DT,7,DATE,9,Y
CNTXT,VER_NR,22,NUMBER,2,N
CNTXT_REL,CREAT_DT,7,DATE,5,Y
CNTXT_REL,CREAT_USR_ID,50,VARCHAR2,6,Y
CNTXT_REL,DISP_ORD,22,NUMBER,13,Y
CNTXT_REL,FLD_DELETE,22,NUMBER,8,Y
CNTXT_REL,LST_DEL_DT,7,DATE,9,Y
CNTXT_REL,LST_UPD_DT,7,DATE,11,Y
CNTXT_REL,LST_UPD_USR_ID,50,VARCHAR2,7,Y
CNTXT_REL,PRMRY_CNTXT_ITEM_ID,22,NUMBER,2,N
CNTXT_REL,PRMRY_CNTXT_VER_NR,22,NUMBER,1,N
CNTXT_REL,REL_TYP_ID,22,NUMBER,12,Y
CNTXT_REL,S2P_TRN_DT,7,DATE,10,Y
CNTXT_REL,SCNDRY_CNTXT_ITEM_ID,22,NUMBER,4,N
CNTXT_REL,SCNDRY_CNTXT_VER_NR,22,NUMBER,3,N
CONC_DOM,CONC_DOM_TYP_ID,22,NUMBER,5,Y
CONC_DOM,CREAT_DT,7,DATE,6,Y
CONC_DOM,CREAT_USR_ID,50,VARCHAR2,7,Y
CONC_DOM,DIMNSNLTY,255,VARCHAR2,1,Y
CONC_DOM,FLD_DELETE,22,NUMBER,9,Y
CONC_DOM,ITEM_ID,22,NUMBER,4,N
CONC_DOM,LST_DEL_DT,7,DATE,10,Y
CONC_DOM,LST_UPD_DT,7,DATE,12,Y
CONC_DOM,LST_UPD_USR_ID,50,VARCHAR2,8,Y
CONC_DOM,NON_ENUM_DESC,50,VARCHAR2,2,Y
CONC_DOM,S2P_TRN_DT,7,DATE,11,Y
CONC_DOM,VER_NR,22,NUMBER,3,N
CONC_DOM,X_CONC_DOM_ITEM_ID,22,NUMBER,13,Y
CONC_DOM,X_CONC_DOM_VER_NR,22,NUMBER,16,Y
CONC_DOM,Y_CONC_DOM_ITEM_ID,22,NUMBER,14,Y
CONC_DOM,Y_CONC_DOM_VER_NR,22,NUMBER,17,Y
CONC_DOM,Z_CONC_DOM_ITEM_ID,22,NUMBER,15,Y
CONC_DOM,Z_CONC_DOM_VER_NR,22,NUMBER,18,Y
CONC_DOM_REL,CONC_DOM_REL_TYP_ID,22,NUMBER,1,N
CONC_DOM_REL,CREAT_DT,7,DATE,5,Y
CONC_DOM_REL,CREAT_USR_ID,50,VARCHAR2,7,Y
CONC_DOM_REL,FLD_DELETE,22,NUMBER,9,Y
CONC_DOM_REL,LST_DEL_DT,7,DATE,10,Y
CONC_DOM_REL,LST_UPD_DT,7,DATE,12,Y
CONC_DOM_REL,LST_UPD_USR_ID,50,VARCHAR2,8,Y
CONC_DOM_REL,PRMRY_ITEM_ID,22,NUMBER,2,N
CONC_DOM_REL,PRMRY_VER_NR,22,NUMBER,3,N
CONC_DOM_REL,S2P_TRN_DT,7,DATE,11,Y
CONC_DOM_REL,SCNDRY_ITEM_ID,22,NUMBER,4,N
CONC_DOM_REL,SCNDRY_VER_NR,22,NUMBER,6,N
CONC_DOM_VAL_MEAN,CONC_DOM_ITEM_ID,22,NUMBER,2,N
CONC_DOM_VAL_MEAN,CONC_DOM_VER_NR,22,NUMBER,1,N
CONC_DOM_VAL_MEAN,CREAT_DT,7,DATE,6,Y
CONC_DOM_VAL_MEAN,CREAT_USR_ID,50,VARCHAR2,7,Y
CONC_DOM_VAL_MEAN,FLD_DELETE,22,NUMBER,9,Y
CONC_DOM_VAL_MEAN,LST_DEL_DT,7,DATE,10,Y
CONC_DOM_VAL_MEAN,LST_UPD_DT,7,DATE,12,Y
CONC_DOM_VAL_MEAN,LST_UPD_USR_ID,50,VARCHAR2,8,Y
CONC_DOM_VAL_MEAN,NCI_VAL_MEAN_ITEM_ID,22,NUMBER,3,N
CONC_DOM_VAL_MEAN,NCI_VAL_MEAN_VER_NR,22,NUMBER,4,N
CONC_DOM_VAL_MEAN,S2P_TRN_DT,7,DATE,11,Y
CONC_DOM_VAL_MEAN,VAL_MEAN_ID,22,NUMBER,5,Y
DATA_TYP,CREAT_DT,7,DATE,5,Y
DATA_TYP,CREAT_USR_ID,50,VARCHAR2,7,Y
DATA_TYP,DTTYPE_ANNTTN,"2,000",VARCHAR2,2,Y
DATA_TYP,DTTYPE_DESC,255,VARCHAR2,3,Y
DATA_TYP,DTTYPE_ID,22,NUMBER,1,N
DATA_TYP,DTTYPE_NM,50,VARCHAR2,4,N
DATA_TYP,DTTYPE_SCHM_REF,255,VARCHAR2,6,Y
DATA_TYP,DTTYPE_XSD_TAG,20,VARCHAR2,13,Y
DATA_TYP,FLD_DELETE,22,NUMBER,9,Y
DATA_TYP,LST_DEL_DT,7,DATE,10,Y
DATA_TYP,LST_UPD_DT,7,DATE,12,Y
DATA_TYP,LST_UPD_USR_ID,50,VARCHAR2,8,Y
DATA_TYP,NCI_CD,20,VARCHAR2,15,Y
DATA_TYP,NCI_DTTYPE_CMNTS,"2,000",VARCHAR2,14,Y
DATA_TYP,NCI_DTTYPE_MAP,50,VARCHAR2,17,Y
DATA_TYP,NCI_DTTYPE_TYP_ID,22,NUMBER,16,Y
DATA_TYP,S2P_TRN_DT,7,DATE,11,Y
DE,CONCAT_CHAR,20,VARCHAR2,20,Y
DE,CREAT_DT,7,DATE,8,Y
DE,CREAT_USR_ID,50,VARCHAR2,11,Y
DE,DERV_DE_IND,22,NUMBER,17,Y
DE,DERV_MTHD,"4,000",VARCHAR2,23,Y
DE,DERV_RUL,"4,000",VARCHAR2,24,Y
DE,DERV_RUL_ITEM_ID,22,NUMBER,18,Y
DE,DERV_RUL_VER_NR,22,NUMBER,19,Y
DE,DERV_TYP_ID,22,NUMBER,25,Y
DE,DE_CONC_ITEM_ID,22,NUMBER,5,N
DE,DE_CONC_VER_NR,22,NUMBER,4,N
DE,DE_PREC,22,NUMBER,1,Y
DE,DICT_MTCH_TIPS_TXT,"1,024",VARCHAR2,22,Y
DE,FLD_DELETE,22,NUMBER,13,Y
DE,ITEM_ID,22,NUMBER,2,N
DE,LST_DEL_DT,7,DATE,14,Y
DE,LST_UPD_DT,7,DATE,16,Y
DE,LST_UPD_USR_ID,50,VARCHAR2,12,Y
DE,PREF_QUEST_TXT,"4,000",VARCHAR2,26,Y
DE,REP_CLS_ITEM_ID,22,NUMBER,10,Y
DE,REP_CLS_VER_NR,22,NUMBER,9,Y
DE,S2P_TRN_DT,7,DATE,15,Y
DE,VAL_DOM_ITEM_ID,22,NUMBER,7,N
DE,VAL_DOM_VER_NR,22,NUMBER,6,N
DE,VER_NR,22,NUMBER,3,N
DE,XML_TAG,255,VARCHAR2,21,Y
DERV_RUL,CREAT_DT,7,DATE,5,Y
DERV_RUL,CREAT_USR_ID,50,VARCHAR2,6,Y
DERV_RUL,DERV_RUL_APPLCTN,"1,000",VARCHAR2,1,Y
DERV_RUL,DERV_RUL_SPCFCTN,"1,000",VARCHAR2,2,Y
DERV_RUL,FLD_DELETE,22,NUMBER,8,Y
DERV_RUL,ITEM_ID,22,NUMBER,4,N
DERV_RUL,LST_DEL_DT,7,DATE,9,Y
DERV_RUL,LST_UPD_DT,7,DATE,11,Y
DERV_RUL,LST_UPD_USR_ID,50,VARCHAR2,7,Y
DERV_RUL,S2P_TRN_DT,7,DATE,10,Y
DERV_RUL,VER_NR,22,NUMBER,3,N
DE_CONC,CONC_DOM_ITEM_ID,22,NUMBER,10,N
DE_CONC,CONC_DOM_VER_NR,22,NUMBER,2,N
DE_CONC,CREAT_DT,7,DATE,7,Y
DE_CONC,CREAT_USR_ID,50,VARCHAR2,9,Y
DE_CONC,FLD_DELETE,22,NUMBER,12,Y
DE_CONC,ITEM_ID,22,NUMBER,1,N
DE_CONC,LST_DEL_DT,7,DATE,13,Y
DE_CONC,LST_UPD_DT,7,DATE,15,Y
DE_CONC,LST_UPD_USR_ID,50,VARCHAR2,11,Y
DE_CONC,OBJ_CLS_ITEM_ID,22,NUMBER,5,Y
DE_CONC,OBJ_CLS_QUAL,255,VARCHAR2,16,Y
DE_CONC,OBJ_CLS_VER_NR,22,NUMBER,4,Y
DE_CONC,PROP_ITEM_ID,22,NUMBER,8,Y
DE_CONC,PROP_QUAL,255,VARCHAR2,17,Y
DE_CONC,PROP_VER_NR,22,NUMBER,6,Y
DE_CONC,S2P_TRN_DT,7,DATE,14,Y
DE_CONC,VER_NR,22,NUMBER,3,N
DE_CONC_REL,CREAT_DT,7,DATE,6,Y
DE_CONC_REL,CREAT_USR_ID,50,VARCHAR2,7,Y
DE_CONC_REL,DE_CONC_REL_TYP_ID,22,NUMBER,1,Y
DE_CONC_REL,FLD_DELETE,22,NUMBER,9,Y
DE_CONC_REL,LST_DEL_DT,7,DATE,10,Y
DE_CONC_REL,LST_UPD_DT,7,DATE,12,Y
DE_CONC_REL,LST_UPD_USR_ID,50,VARCHAR2,8,Y
DE_CONC_REL,PRMRY_ITEM_ID,22,NUMBER,2,N
DE_CONC_REL,PRMRY_VER_NR,22,NUMBER,3,N
DE_CONC_REL,S2P_TRN_DT,7,DATE,11,Y
DE_CONC_REL,SCNDRY_ITEM_ID,22,NUMBER,4,N
DE_CONC_REL,SCNDRY_VER_NR,22,NUMBER,5,N
DE_DERV,CREAT_DT,7,DATE,6,Y
DE_DERV,CREAT_USR_ID,50,VARCHAR2,8,Y
DE_DERV,DERV_RUL_ITEM_ID,22,NUMBER,7,N
DE_DERV,DERV_RUL_VER_NR,22,NUMBER,1,N
DE_DERV,FLD_DELETE,22,NUMBER,10,Y
DE_DERV,LST_DEL_DT,7,DATE,11,Y
DE_DERV,LST_UPD_DT,7,DATE,13,Y
DE_DERV,LST_UPD_USR_ID,50,VARCHAR2,9,Y
DE_DERV,PRMRY_DE_ITEM_ID,22,NUMBER,2,N
DE_DERV,PRMRY_DE_VER_NR,22,NUMBER,3,N
DE_DERV,S2P_TRN_DT,7,DATE,12,Y
DE_DERV,SCNDRY_DE_ITEM_ID,22,NUMBER,5,N
DE_DERV,SCNDRY_DE_VER_NR,22,NUMBER,4,N
DE_REL,CREAT_DT,7,DATE,4,Y
DE_REL,CREAT_USR_ID,50,VARCHAR2,6,Y
DE_REL,DE_REL_TYP_ID,22,NUMBER,7,N
DE_REL,DISP_ORD,22,NUMBER,13,Y
DE_REL,FLD_DELETE,22,NUMBER,9,Y
DE_REL,LST_DEL_DT,7,DATE,10,Y
DE_REL,LST_UPD_DT,7,DATE,12,Y
DE_REL,LST_UPD_USR_ID,50,VARCHAR2,8,Y
DE_REL,PRMRY_ITEM_ID,22,NUMBER,1,N
DE_REL,PRMRY_VER_NR,22,NUMBER,2,N
DE_REL,S2P_TRN_DT,7,DATE,11,Y
DE_REL,SCNDRY_ITEM_ID,22,NUMBER,3,N
DE_REL,SCNDRY_VER_NR,22,NUMBER,5,N
FMT,CREAT_DT,7,DATE,4,Y
FMT,CREAT_USR_ID,50,VARCHAR2,5,Y
FMT,FLD_DELETE,22,NUMBER,7,Y
FMT,FMT_CMNTS,"4,000",VARCHAR2,11,Y
FMT,FMT_DESC,255,VARCHAR2,3,Y
FMT,FMT_ID,22,NUMBER,1,N
FMT,FMT_NM,30,VARCHAR2,2,N
FMT,LST_DEL_DT,7,DATE,8,Y
FMT,LST_UPD_DT,7,DATE,10,Y
FMT,LST_UPD_USR_ID,50,VARCHAR2,6,Y
FMT,NCI_CD,20,VARCHAR2,12,Y
FMT,S2P_TRN_DT,7,DATE,9,Y
GLSRY,CREAT_DT,7,DATE,6,Y
GLSRY,CREAT_USR_ID,50,VARCHAR2,8,Y
GLSRY,CUST_TERM_NOTES,"4,000",VARCHAR2,9,Y
GLSRY,FLD_DELETE,22,NUMBER,12,Y
GLSRY,GLSRY_ID,22,NUMBER,1,N
GLSRY,GLSRY_TERM_TYP_ID,22,NUMBER,11,Y
GLSRY,LANG_ID,22,NUMBER,7,Y
GLSRY,LST_DEL_DT,7,DATE,13,Y
GLSRY,LST_UPD_DT,7,DATE,15,Y
GLSRY,LST_UPD_USR_ID,50,VARCHAR2,10,Y
GLSRY,S2P_TRN_DT,7,DATE,14,Y
GLSRY,SRC_AITH_ID,22,NUMBER,16,Y
GLSRY,TERM_DESC,"4,000",VARCHAR2,3,N
GLSRY,TERM_NM,100,VARCHAR2,2,N
GLSRY,TERM_NOTES,"4,000",VARCHAR2,4,Y
GLSRY,TERM_REF,"1,000",VARCHAR2,5,Y
IMPORT_MAPPING_PARAM,COL_NAME,255,VARCHAR2,5,Y
IMPORT_MAPPING_PARAM,CREAT_DT,7,DATE,11,Y
IMPORT_MAPPING_PARAM,CREAT_USR_ID,50,VARCHAR2,12,Y
IMPORT_MAPPING_PARAM,FLD_DELETE,22,NUMBER,14,Y
IMPORT_MAPPING_PARAM,IMP_TYP,22,NUMBER,7,Y
IMPORT_MAPPING_PARAM,LST_DEL_DT,7,DATE,15,Y
IMPORT_MAPPING_PARAM,LST_UPD_DT,7,DATE,17,Y
IMPORT_MAPPING_PARAM,LST_UPD_USR_ID,50,VARCHAR2,13,Y
IMPORT_MAPPING_PARAM,PARAM_ACRO,100,VARCHAR2,2,Y
IMPORT_MAPPING_PARAM,PARAM_ID,22,NUMBER,1,N
IMPORT_MAPPING_PARAM,PARAM_NAME,255,VARCHAR2,3,Y
IMPORT_MAPPING_PARAM,PARAM_TYP,1,CHAR,6,Y
IMPORT_MAPPING_PARAM,RLTD_COL_NAME,100,VARCHAR2,9,Y
IMPORT_MAPPING_PARAM,RLTD_DISP_COL_NAME,100,VARCHAR2,10,Y
IMPORT_MAPPING_PARAM,RLTD_TBL_NAME,100,VARCHAR2,8,Y
IMPORT_MAPPING_PARAM,S2P_TRN_DT,7,DATE,16,Y
IMPORT_MAPPING_PARAM,SORT_ORDR,22,NUMBER,18,Y
IMPORT_MAPPING_PARAM,TBL_NAME,255,VARCHAR2,4,Y
IMPORT_MAPPING_PARAM_FLTR,CREAT_DT,7,DATE,4,Y
IMPORT_MAPPING_PARAM_FLTR,CREAT_USR_ID,50,VARCHAR2,5,Y
IMPORT_MAPPING_PARAM_FLTR,FLD_DELETE,22,NUMBER,7,Y
IMPORT_MAPPING_PARAM_FLTR,FLTR_COL_NM,255,VARCHAR2,2,N
IMPORT_MAPPING_PARAM_FLTR,FLTR_COL_VAL,"4,000",VARCHAR2,3,Y
IMPORT_MAPPING_PARAM_FLTR,LST_DEL_DT,7,DATE,8,Y
IMPORT_MAPPING_PARAM_FLTR,LST_UPD_DT,7,DATE,10,Y
IMPORT_MAPPING_PARAM_FLTR,LST_UPD_USR_ID,50,VARCHAR2,6,Y
IMPORT_MAPPING_PARAM_FLTR,PARAM_ID,22,NUMBER,1,N
IMPORT_MAPPING_PARAM_FLTR,S2P_TRN_DT,7,DATE,9,Y
LANG,CNTRY_ISO_CD,3,CHAR,1,Y
LANG,CREAT_DT,7,DATE,5,Y
LANG,CREAT_USR_ID,50,VARCHAR2,6,Y
LANG,FLD_DELETE,22,NUMBER,8,Y
LANG,LANG_DESC,255,VARCHAR2,12,Y
LANG,LANG_ID,22,NUMBER,3,N
LANG,LANG_ISO_CD,2,CHAR,2,Y
LANG,LANG_NM,50,VARCHAR2,4,N
LANG,LST_DEL_DT,7,DATE,9,Y
LANG,LST_UPD_DT,7,DATE,11,Y
LANG,LST_UPD_USR_ID,50,VARCHAR2,7,Y
LANG,S2P_TRN_DT,7,DATE,10,Y
NCI_ADMIN_ITEM_EXT,CNCPT_CONCAT,"4,000",VARCHAR2,4,Y
NCI_ADMIN_ITEM_EXT,CNCPT_CONCAT_DEF,"4,000",VARCHAR2,6,Y
NCI_ADMIN_ITEM_EXT,CNCPT_CONCAT_NM,"4,000",VARCHAR2,5,Y
NCI_ADMIN_ITEM_EXT,CREAT_DT,7,DATE,7,Y
NCI_ADMIN_ITEM_EXT,CREAT_USR_ID,50,VARCHAR2,8,Y
NCI_ADMIN_ITEM_EXT,FLD_DELETE,22,NUMBER,10,Y
NCI_ADMIN_ITEM_EXT,ITEM_ID,22,NUMBER,1,N
NCI_ADMIN_ITEM_EXT,LST_DEL_DT,7,DATE,11,Y
NCI_ADMIN_ITEM_EXT,LST_UPD_DT,7,DATE,13,Y
NCI_ADMIN_ITEM_EXT,LST_UPD_USR_ID,50,VARCHAR2,9,Y
NCI_ADMIN_ITEM_EXT,S2P_TRN_DT,7,DATE,12,Y
NCI_ADMIN_ITEM_EXT,USED_BY,"4,000",VARCHAR2,3,Y
NCI_ADMIN_ITEM_EXT,VER_NR,22,NUMBER,2,N
NCI_ADMIN_ITEM_REL,CNTXT_ITEM_ID,22,NUMBER,5,Y
NCI_ADMIN_ITEM_REL,CNTXT_VER_NR,22,NUMBER,6,Y
NCI_ADMIN_ITEM_REL,CREAT_DT,7,DATE,11,Y
NCI_ADMIN_ITEM_REL,CREAT_USR_ID,50,VARCHAR2,12,Y
NCI_ADMIN_ITEM_REL,C_ITEM_ID,22,NUMBER,3,N
NCI_ADMIN_ITEM_REL,C_ITEM_VER_NR,22,NUMBER,4,N
NCI_ADMIN_ITEM_REL,DISP_LBL,255,VARCHAR2,9,Y
NCI_ADMIN_ITEM_REL,DISP_ORD,22,NUMBER,8,Y
NCI_ADMIN_ITEM_REL,FLD_DELETE,22,NUMBER,14,Y
NCI_ADMIN_ITEM_REL,INSTR,"4,000",VARCHAR2,18,Y
NCI_ADMIN_ITEM_REL,LST_DEL_DT,7,DATE,15,Y
NCI_ADMIN_ITEM_REL,LST_UPD_DT,7,DATE,17,Y
NCI_ADMIN_ITEM_REL,LST_UPD_USR_ID,50,VARCHAR2,13,Y
NCI_ADMIN_ITEM_REL,P_ITEM_ID,22,NUMBER,1,N
NCI_ADMIN_ITEM_REL,P_ITEM_VER_NR,22,NUMBER,2,N
NCI_ADMIN_ITEM_REL,REL_TYP_ID,22,NUMBER,7,N
NCI_ADMIN_ITEM_REL,REP_NO,22,NUMBER,10,Y
NCI_ADMIN_ITEM_REL,S2P_TRN_DT,7,DATE,16,Y
NCI_ADMIN_ITEM_REL_ALT_KEY,CNTXT_CS_ITEM_ID,22,NUMBER,7,Y
NCI_ADMIN_ITEM_REL_ALT_KEY,CNTXT_CS_VER_NR,22,NUMBER,8,Y
NCI_ADMIN_ITEM_REL_ALT_KEY,CREAT_DT,7,DATE,16,Y
NCI_ADMIN_ITEM_REL_ALT_KEY,CREAT_USR_ID,50,VARCHAR2,17,Y
NCI_ADMIN_ITEM_REL_ALT_KEY,C_ITEM_ID,22,NUMBER,5,Y
NCI_ADMIN_ITEM_REL_ALT_KEY,C_ITEM_VER_NR,22,NUMBER,6,Y
NCI_ADMIN_ITEM_REL_ALT_KEY,DEFLT_VAL,"2,000",VARCHAR2,14,Y
NCI_ADMIN_ITEM_REL_ALT_KEY,DEFLT_VAL_ID,22,NUMBER,26,Y
NCI_ADMIN_ITEM_REL_ALT_KEY,DISP_LBL,255,VARCHAR2,11,Y
NCI_ADMIN_ITEM_REL_ALT_KEY,DISP_ORD,22,NUMBER,10,Y
NCI_ADMIN_ITEM_REL_ALT_KEY,EDIT_IND,22,NUMBER,13,Y
NCI_ADMIN_ITEM_REL_ALT_KEY,FLD_DELETE,22,NUMBER,19,Y
NCI_ADMIN_ITEM_REL_ALT_KEY,INSTR,"4,000",VARCHAR2,25,Y
NCI_ADMIN_ITEM_REL_ALT_KEY,ITEM_LONG_NM,"4,000",VARCHAR2,23,Y
NCI_ADMIN_ITEM_REL_ALT_KEY,ITEM_NM,30,VARCHAR2,24,Y
NCI_ADMIN_ITEM_REL_ALT_KEY,LST_DEL_DT,7,DATE,20,Y
NCI_ADMIN_ITEM_REL_ALT_KEY,LST_UPD_DT,7,DATE,22,Y
NCI_ADMIN_ITEM_REL_ALT_KEY,LST_UPD_USR_ID,50,VARCHAR2,18,Y
NCI_ADMIN_ITEM_REL_ALT_KEY,NCI_IDSEQ,36,CHAR,12,Y
NCI_ADMIN_ITEM_REL_ALT_KEY,NCI_PUB_ID,22,NUMBER,1,N
NCI_ADMIN_ITEM_REL_ALT_KEY,NCI_VER_NR,22,NUMBER,2,N
NCI_ADMIN_ITEM_REL_ALT_KEY,P_ITEM_ID,22,NUMBER,3,Y
NCI_ADMIN_ITEM_REL_ALT_KEY,P_ITEM_VER_NR,22,NUMBER,4,Y
NCI_ADMIN_ITEM_REL_ALT_KEY,P_NCI_PUB_ID,22,NUMBER,28,Y
NCI_ADMIN_ITEM_REL_ALT_KEY,P_NCI_VER_NR,22,NUMBER,29,Y
NCI_ADMIN_ITEM_REL_ALT_KEY,QUEST_REF_ID,22,NUMBER,27,Y
NCI_ADMIN_ITEM_REL_ALT_KEY,REL_TYP_ID,22,NUMBER,9,N
NCI_ADMIN_ITEM_REL_ALT_KEY,REQ_IND,22,NUMBER,15,Y
NCI_ADMIN_ITEM_REL_ALT_KEY,S2P_TRN_DT,7,DATE,21,Y
NCI_AI_TYP_VALID_STUS,ADMIN_ITEM_TYP_ID,22,NUMBER,1,N
NCI_AI_TYP_VALID_STUS,CREAT_DT,7,DATE,3,Y
NCI_AI_TYP_VALID_STUS,CREAT_USR_ID,50,VARCHAR2,4,Y
NCI_AI_TYP_VALID_STUS,FLD_DELETE,22,NUMBER,6,Y
NCI_AI_TYP_VALID_STUS,LST_DEL_DT,7,DATE,7,Y
NCI_AI_TYP_VALID_STUS,LST_UPD_DT,7,DATE,9,N
NCI_AI_TYP_VALID_STUS,LST_UPD_USR_ID,50,VARCHAR2,5,Y
NCI_AI_TYP_VALID_STUS,S2P_TRN_DT,7,DATE,8,Y
NCI_AI_TYP_VALID_STUS,STUS_ID,22,NUMBER,2,N
NCI_ALT_KEY_ADMIN_ITEM_REL,CNTXT_CS_ITEM_ID,22,NUMBER,5,Y
NCI_ALT_KEY_ADMIN_ITEM_REL,CNTXT_CS_VER_NR,22,NUMBER,6,Y
NCI_ALT_KEY_ADMIN_ITEM_REL,CREAT_DT,7,DATE,11,Y
NCI_ALT_KEY_ADMIN_ITEM_REL,CREAT_USR_ID,50,VARCHAR2,12,Y
NCI_ALT_KEY_ADMIN_ITEM_REL,C_ITEM_ID,22,NUMBER,3,N
NCI_ALT_KEY_ADMIN_ITEM_REL,C_ITEM_VER_NR,22,NUMBER,4,N
NCI_ALT_KEY_ADMIN_ITEM_REL,DISP_LBL,255,VARCHAR2,9,Y
NCI_ALT_KEY_ADMIN_ITEM_REL,DISP_ORD,22,NUMBER,8,Y
NCI_ALT_KEY_ADMIN_ITEM_REL,FLD_DELETE,22,NUMBER,14,Y
NCI_ALT_KEY_ADMIN_ITEM_REL,LST_DEL_DT,7,DATE,15,Y
NCI_ALT_KEY_ADMIN_ITEM_REL,LST_UPD_DT,7,DATE,17,Y
NCI_ALT_KEY_ADMIN_ITEM_REL,LST_UPD_USR_ID,50,VARCHAR2,13,Y
NCI_ALT_KEY_ADMIN_ITEM_REL,NCI_IDSEQ,36,CHAR,10,Y
NCI_ALT_KEY_ADMIN_ITEM_REL,NCI_PUB_ID,22,NUMBER,1,N
NCI_ALT_KEY_ADMIN_ITEM_REL,NCI_VER_NR,22,NUMBER,2,N
NCI_ALT_KEY_ADMIN_ITEM_REL,REL_TYP_ID,22,NUMBER,7,N
NCI_ALT_KEY_ADMIN_ITEM_REL,S2P_TRN_DT,7,DATE,16,Y
NCI_CHANGE_HISTORY,ACCH_IDSEQ,36,CHAR,1,N
NCI_CHANGE_HISTORY,AC_IDSEQ,36,CHAR,2,N
NCI_CHANGE_HISTORY,CHANGED_BY,30,VARCHAR2,5,N
NCI_CHANGE_HISTORY,CHANGED_COLUMN,30,VARCHAR2,8,N
NCI_CHANGE_HISTORY,CHANGED_TABLE,30,VARCHAR2,6,N
NCI_CHANGE_HISTORY,CHANGED_TABLE_IDSEQ,36,CHAR,7,N
NCI_CHANGE_HISTORY,CHANGE_ACTION,10,VARCHAR2,4,N
NCI_CHANGE_HISTORY,CHANGE_DATETIMESTAMP,7,DATE,3,N
NCI_CHANGE_HISTORY,CREAT_DT,7,DATE,11,Y
NCI_CHANGE_HISTORY,CREAT_USR_ID,50,VARCHAR2,12,Y
NCI_CHANGE_HISTORY,FLD_DELETE,22,NUMBER,14,Y
NCI_CHANGE_HISTORY,LST_DEL_DT,7,DATE,15,Y
NCI_CHANGE_HISTORY,LST_UPD_DT,7,DATE,17,N
NCI_CHANGE_HISTORY,LST_UPD_USR_ID,50,VARCHAR2,13,Y
NCI_CHANGE_HISTORY,NEW_VALUE,"4,000",VARCHAR2,10,Y
NCI_CHANGE_HISTORY,OLD_VALUE,"4,000",VARCHAR2,9,Y
NCI_CHANGE_HISTORY,S2P_TRN_DT,7,DATE,16,Y
NCI_CLSFCTN_SCHM_ITEM,CREAT_DT,7,DATE,3,Y
NCI_CLSFCTN_SCHM_ITEM,CREAT_USR_ID,50,VARCHAR2,4,Y
NCI_CLSFCTN_SCHM_ITEM,CSI_CMNTS,"4,000",VARCHAR2,12,Y
NCI_CLSFCTN_SCHM_ITEM,CSI_DESC_TXT,"4,000",VARCHAR2,11,Y
NCI_CLSFCTN_SCHM_ITEM,CSI_TYP_ID,22,NUMBER,10,Y
NCI_CLSFCTN_SCHM_ITEM,FLD_DELETE,22,NUMBER,6,Y
NCI_CLSFCTN_SCHM_ITEM,ITEM_ID,22,NUMBER,1,N
NCI_CLSFCTN_SCHM_ITEM,LST_DEL_DT,7,DATE,7,Y
NCI_CLSFCTN_SCHM_ITEM,LST_UPD_DT,7,DATE,9,Y
NCI_CLSFCTN_SCHM_ITEM,LST_UPD_USR_ID,50,VARCHAR2,5,Y
NCI_CLSFCTN_SCHM_ITEM,S2P_TRN_DT,7,DATE,8,Y
NCI_CLSFCTN_SCHM_ITEM,VER_NR,22,NUMBER,2,N
NCI_CSI_ALT_DEFNMS,CREAT_DT,7,DATE,5,Y
NCI_CSI_ALT_DEFNMS,CREAT_USR_ID,50,VARCHAR2,6,Y
NCI_CSI_ALT_DEFNMS,FLD_DELETE,22,NUMBER,8,Y
NCI_CSI_ALT_DEFNMS,LST_DEL_DT,7,DATE,9,Y
NCI_CSI_ALT_DEFNMS,LST_UPD_DT,7,DATE,11,Y
NCI_CSI_ALT_DEFNMS,LST_UPD_USR_ID,50,VARCHAR2,7,Y
NCI_CSI_ALT_DEFNMS,NCI_PUB_ID,22,NUMBER,1,N
NCI_CSI_ALT_DEFNMS,NCI_VER_NR,22,NUMBER,2,N
NCI_CSI_ALT_DEFNMS,NMDEF_ID,22,NUMBER,3,N
NCI_CSI_ALT_DEFNMS,S2P_TRN_DT,7,DATE,10,Y
NCI_CSI_ALT_DEFNMS,TYP_NM,30,VARCHAR2,4,N
NCI_ENTTY,CREAT_DT,7,DATE,4,Y
NCI_ENTTY,CREAT_USR_ID,50,VARCHAR2,5,Y
NCI_ENTTY,ENTTY_ID,22,NUMBER,1,N
NCI_ENTTY,ENTTY_TYP_ID,22,NUMBER,2,N
NCI_ENTTY,FLD_DELETE,22,NUMBER,7,Y
NCI_ENTTY,LST_DEL_DT,7,DATE,8,Y
NCI_ENTTY,LST_UPD_DT,7,DATE,10,N
NCI_ENTTY,LST_UPD_USR_ID,50,VARCHAR2,6,Y
NCI_ENTTY,NCI_IDSEQ,36,CHAR,3,N
NCI_ENTTY,S2P_TRN_DT,7,DATE,9,Y
NCI_ENTTY_ADDR,ADDR_LINE1,80,VARCHAR2,4,N
NCI_ENTTY_ADDR,ADDR_LINE2,80,VARCHAR2,5,Y
NCI_ENTTY_ADDR,ADDR_TYP_ID,22,NUMBER,2,N
NCI_ENTTY_ADDR,CITY,30,VARCHAR2,6,N
NCI_ENTTY_ADDR,CNTRY,30,VARCHAR2,9,Y
NCI_ENTTY_ADDR,CREAT_DT,7,DATE,10,Y
NCI_ENTTY_ADDR,CREAT_USR_ID,50,VARCHAR2,11,Y
NCI_ENTTY_ADDR,ENTTY_ID,22,NUMBER,1,N
NCI_ENTTY_ADDR,FLD_DELETE,22,NUMBER,13,Y
NCI_ENTTY_ADDR,LST_DEL_DT,7,DATE,14,Y
NCI_ENTTY_ADDR,LST_UPD_DT,7,DATE,16,N
NCI_ENTTY_ADDR,LST_UPD_USR_ID,50,VARCHAR2,12,Y
NCI_ENTTY_ADDR,POSTAL_CD,10,VARCHAR2,8,N
NCI_ENTTY_ADDR,RNK_ORD,22,NUMBER,3,N
NCI_ENTTY_ADDR,S2P_TRN_DT,7,DATE,15,Y
NCI_ENTTY_ADDR,STATE_PROV,30,VARCHAR2,7,N
NCI_ENTTY_COMM,COMM_TYP_ID,22,NUMBER,2,N
NCI_ENTTY_COMM,CREAT_DT,7,DATE,5,Y
NCI_ENTTY_COMM,CREAT_USR_ID,50,VARCHAR2,6,Y
NCI_ENTTY_COMM,CYB_ADDR,255,VARCHAR2,4,N
NCI_ENTTY_COMM,ENTTY_ID,22,NUMBER,1,N
NCI_ENTTY_COMM,FLD_DELETE,22,NUMBER,8,Y
NCI_ENTTY_COMM,LST_DEL_DT,7,DATE,9,Y
NCI_ENTTY_COMM,LST_UPD_DT,7,DATE,11,N
NCI_ENTTY_COMM,LST_UPD_USR_ID,50,VARCHAR2,7,Y
NCI_ENTTY_COMM,RNK_ORD,22,NUMBER,3,N
NCI_ENTTY_COMM,S2P_TRN_DT,7,DATE,10,Y
NCI_FORM,CATGRY_ID,22,NUMBER,10,Y
NCI_FORM,CREAT_DT,7,DATE,3,Y
NCI_FORM,CREAT_USR_ID,50,VARCHAR2,4,Y
NCI_FORM,FLD_DELETE,22,NUMBER,6,Y
NCI_FORM,FORM_TYP_ID,22,NUMBER,11,N
NCI_FORM,FTR_INSTR,"4,000",VARCHAR2,13,Y
NCI_FORM,HDR_INSTR,"4,000",VARCHAR2,12,Y
NCI_FORM,ITEM_ID,22,NUMBER,1,N
NCI_FORM,LST_DEL_DT,7,DATE,7,Y
NCI_FORM,LST_UPD_DT,7,DATE,9,Y
NCI_FORM,LST_UPD_USR_ID,50,VARCHAR2,5,Y
NCI_FORM,S2P_TRN_DT,7,DATE,8,Y
NCI_FORM,VER_NR,22,NUMBER,2,N
NCI_FORM_TA,CREAT_DT,7,DATE,10,Y
NCI_FORM_TA,CREAT_USR_ID,50,VARCHAR2,11,Y
NCI_FORM_TA,FLD_DELETE,22,NUMBER,13,Y
NCI_FORM_TA,LST_DEL_DT,7,DATE,14,Y
NCI_FORM_TA,LST_UPD_DT,7,DATE,16,Y
NCI_FORM_TA,LST_UPD_USR_ID,50,VARCHAR2,12,Y
NCI_FORM_TA,S2P_TRN_DT,7,DATE,15,Y
NCI_FORM_TA,SRC_PUB_ID,22,NUMBER,2,N
NCI_FORM_TA,SRC_TYP_NM,30,VARCHAR2,7,Y
NCI_FORM_TA,SRC_VER_NR,22,NUMBER,3,N
NCI_FORM_TA,TA_ID,22,NUMBER,1,N
NCI_FORM_TA,TA_IDSEQ,36,CHAR,9,Y
NCI_FORM_TA,TA_INSTR,"2,000",VARCHAR2,6,Y
NCI_FORM_TA,TRGT_PUB_ID,22,NUMBER,4,N
NCI_FORM_TA,TRGT_TYP_NM,30,VARCHAR2,8,Y
NCI_FORM_TA,TRGT_VER_NR,22,NUMBER,5,N
NCI_FORM_TA_REL,CREAT_DT,7,DATE,4,Y
NCI_FORM_TA_REL,CREAT_USR_ID,50,VARCHAR2,5,Y
NCI_FORM_TA_REL,FLD_DELETE,22,NUMBER,7,Y
NCI_FORM_TA_REL,LST_DEL_DT,7,DATE,8,Y
NCI_FORM_TA_REL,LST_UPD_DT,7,DATE,10,Y
NCI_FORM_TA_REL,LST_UPD_USR_ID,50,VARCHAR2,6,Y
NCI_FORM_TA_REL,NCI_PUB_ID,22,NUMBER,2,N
NCI_FORM_TA_REL,NCI_VER_NR,22,NUMBER,3,N
NCI_FORM_TA_REL,S2P_TRN_DT,7,DATE,9,Y
NCI_FORM_TA_REL,TA_ID,22,NUMBER,1,N
NCI_INSTR,CREAT_DT,7,DATE,10,Y
NCI_INSTR,CREAT_USR_ID,50,VARCHAR2,11,Y
NCI_INSTR,FLD_DELETE,22,NUMBER,13,Y
NCI_INSTR,INSTR_DEF,"4,000",VARCHAR2,9,Y
NCI_INSTR,INSTR_ID,22,NUMBER,1,N
NCI_INSTR,INSTR_LNG,"4,000",VARCHAR2,7,Y
NCI_INSTR,INSTR_SHRT,255,VARCHAR2,8,Y
NCI_INSTR,LST_DEL_DT,7,DATE,14,Y
NCI_INSTR,LST_UPD_DT,7,DATE,16,Y
NCI_INSTR,LST_UPD_USR_ID,50,VARCHAR2,12,Y
NCI_INSTR,NCI_LVL,30,VARCHAR2,4,N
NCI_INSTR,NCI_PUB_ID,22,NUMBER,2,N
NCI_INSTR,NCI_TYP,30,VARCHAR2,5,N
NCI_INSTR,NCI_VER_NR,22,NUMBER,3,N
NCI_INSTR,S2P_TRN_DT,7,DATE,15,Y
NCI_INSTR,SEQ_NR,22,NUMBER,6,N
NCI_OC_RECS,ARRAY_IND,3,VARCHAR2,17,Y
NCI_OC_RECS,CREAT_DT,7,DATE,18,Y
NCI_OC_RECS,CREAT_USR_ID,50,VARCHAR2,19,Y
NCI_OC_RECS,DIMNSNLTY,22,NUMBER,16,Y
NCI_OC_RECS,DISP_ORD,22,NUMBER,15,Y
NCI_OC_RECS,DRCTN,20,VARCHAR2,10,Y
NCI_OC_RECS,FLD_DELETE,22,NUMBER,21,Y
NCI_OC_RECS,ITEM_ID,22,NUMBER,1,N
NCI_OC_RECS,LST_DEL_DT,7,DATE,22,Y
NCI_OC_RECS,LST_UPD_DT,7,DATE,24,Y
NCI_OC_RECS,LST_UPD_USR_ID,50,VARCHAR2,20,Y
NCI_OC_RECS,REL_TYP_NM,20,VARCHAR2,7,Y
NCI_OC_RECS,S2P_TRN_DT,7,DATE,23,Y
NCI_OC_RECS,SRC_HIGH_MULT,22,NUMBER,12,Y
NCI_OC_RECS,SRC_LOW_MULT,22,NUMBER,11,Y
NCI_OC_RECS,SRC_OBJ_CLS_ITEM_ID,22,NUMBER,5,N
NCI_OC_RECS,SRC_OBJ_CLS_VER_NR,22,NUMBER,6,N
NCI_OC_RECS,SRC_ROLE,255,VARCHAR2,8,Y
NCI_OC_RECS,TRGT_HIGH_MULT,22,NUMBER,14,Y
NCI_OC_RECS,TRGT_LOW_MULT,22,NUMBER,13,Y
NCI_OC_RECS,TRGT_OBJ_CLS_ITEM_ID,22,NUMBER,3,N
NCI_OC_RECS,TRGT_OBJ_CLS_VER_NR,22,NUMBER,4,N
NCI_OC_RECS,TRGT_ROLE,255,VARCHAR2,9,Y
NCI_OC_RECS,VER_NR,22,NUMBER,2,N
NCI_ORG,CREAT_DT,7,DATE,6,Y
NCI_ORG,CREAT_USR_ID,50,VARCHAR2,7,Y
NCI_ORG,ENTTY_ID,22,NUMBER,1,N
NCI_ORG,FLD_DELETE,22,NUMBER,9,Y
NCI_ORG,LST_DEL_DT,7,DATE,10,Y
NCI_ORG,LST_UPD_DT,7,DATE,12,N
NCI_ORG,LST_UPD_USR_ID,50,VARCHAR2,8,Y
NCI_ORG,MAIL_ADDR,240,VARCHAR2,5,Y
NCI_ORG,ORG_NM,80,VARCHAR2,3,N
NCI_ORG,RAI,255,VARCHAR2,2,Y
NCI_ORG,RA_IND,3,VARCHAR2,4,Y
NCI_ORG,S2P_TRN_DT,7,DATE,11,Y
NCI_PROTCL,APPRVD_DT,7,DATE,18,Y
NCI_PROTCL,APPRVD_USR_ID,30,VARCHAR2,19,Y
NCI_PROTCL,CHNG_NBR,22,NUMBER,15,Y
NCI_PROTCL,CHNG_TYP,10,VARCHAR2,14,Y
NCI_PROTCL,CREAT_DT,7,DATE,3,Y
NCI_PROTCL,CREAT_USR_ID,50,VARCHAR2,4,Y
NCI_PROTCL,FLD_DELETE,22,NUMBER,6,Y
NCI_PROTCL,ITEM_ID,22,NUMBER,1,N
NCI_PROTCL,LEAD_ORG,100,VARCHAR2,13,Y
NCI_PROTCL,LST_DEL_DT,7,DATE,7,Y
NCI_PROTCL,LST_UPD_DT,7,DATE,9,Y
NCI_PROTCL,LST_UPD_USR_ID,50,VARCHAR2,5,Y
NCI_PROTCL,PROTCL_ID,50,VARCHAR2,11,Y
NCI_PROTCL,PROTCL_PHASE,50,VARCHAR2,12,Y
NCI_PROTCL,PROTCL_TYP_ID,22,NUMBER,10,Y
NCI_PROTCL,RVWD_DT,7,DATE,16,Y
NCI_PROTCL,RVWD_USR_ID,30,VARCHAR2,17,Y
NCI_PROTCL,S2P_TRN_DT,7,DATE,8,Y
NCI_PROTCL,VER_NR,22,NUMBER,2,N
NCI_PRSN,CREAT_DT,7,DATE,8,Y
NCI_PRSN,CREAT_USR_ID,50,VARCHAR2,9,Y
NCI_PRSN,ENTTY_ID,22,NUMBER,1,N
NCI_PRSN,FIRST_NM,30,VARCHAR2,4,N
NCI_PRSN,FLD_DELETE,22,NUMBER,11,Y
NCI_PRSN,LAST_NM,80,VARCHAR2,3,N
NCI_PRSN,LST_DEL_DT,7,DATE,12,Y
NCI_PRSN,LST_UPD_DT,7,DATE,14,N
NCI_PRSN,LST_UPD_USR_ID,50,VARCHAR2,10,Y
NCI_PRSN,MI,2,VARCHAR2,6,Y
NCI_PRSN,POS,80,VARCHAR2,7,Y
NCI_PRSN,PRNT_ORG_ID,22,NUMBER,2,Y
NCI_PRSN,RNK_ORD,22,NUMBER,5,N
NCI_PRSN,S2P_TRN_DT,7,DATE,13,Y
NCI_QUEST_VALID_VALUE,CMNTS,"1,000",VARCHAR2,9,Y
NCI_QUEST_VALID_VALUE,CREAT_DT,7,DATE,15,Y
NCI_QUEST_VALID_VALUE,CREAT_USR_ID,50,VARCHAR2,16,Y
NCI_QUEST_VALID_VALUE,DESC_TXT,"2,000",VARCHAR2,14,Y
NCI_QUEST_VALID_VALUE,DISP_ORD,22,NUMBER,22,Y
NCI_QUEST_VALID_VALUE,EDIT_IND,1,CHAR,10,Y
NCI_QUEST_VALID_VALUE,FLD_DELETE,22,NUMBER,18,Y
NCI_QUEST_VALID_VALUE,INSTR,"4,000",VARCHAR2,23,Y
NCI_QUEST_VALID_VALUE,LST_DEL_DT,7,DATE,19,Y
NCI_QUEST_VALID_VALUE,LST_UPD_DT,7,DATE,21,Y
NCI_QUEST_VALID_VALUE,LST_UPD_USR_ID,50,VARCHAR2,17,Y
NCI_QUEST_VALID_VALUE,MEAN_TXT,"2,000",VARCHAR2,13,Y
NCI_QUEST_VALID_VALUE,NCI_IDSEQ,36,CHAR,12,Y
NCI_QUEST_VALID_VALUE,NCI_PUB_ID,22,NUMBER,1,N
NCI_QUEST_VALID_VALUE,NCI_VER_NR,22,NUMBER,2,N
NCI_QUEST_VALID_VALUE,Q_PUB_ID,22,NUMBER,4,N
NCI_QUEST_VALID_VALUE,Q_VER_NR,22,NUMBER,3,N
NCI_QUEST_VALID_VALUE,S2P_TRN_DT,7,DATE,20,Y
NCI_QUEST_VALID_VALUE,SEQ_NBR,22,NUMBER,11,Y
NCI_QUEST_VALID_VALUE,VALUE,"4,000",VARCHAR2,8,Y
NCI_QUEST_VALID_VALUE,VM_DEF,"4,000",VARCHAR2,7,Y
NCI_QUEST_VALID_VALUE,VM_LNM,"1,000",VARCHAR2,6,Y
NCI_QUEST_VALID_VALUE,VM_NM,255,VARCHAR2,5,Y
NCI_QUEST_VV_REP,CREAT_DT,7,DATE,9,Y
NCI_QUEST_VV_REP,CREAT_USR_ID,50,VARCHAR2,10,Y
NCI_QUEST_VV_REP,DEFLT_VAL_ID,22,NUMBER,16,Y
NCI_QUEST_VV_REP,EDIT_IND,22,NUMBER,7,Y
NCI_QUEST_VV_REP,FLD_DELETE,22,NUMBER,12,Y
NCI_QUEST_VV_REP,LST_DEL_DT,7,DATE,13,Y
NCI_QUEST_VV_REP,LST_UPD_DT,7,DATE,15,Y
NCI_QUEST_VV_REP,LST_UPD_USR_ID,50,VARCHAR2,11,Y
NCI_QUEST_VV_REP,QUEST_PUB_ID,22,NUMBER,2,N
NCI_QUEST_VV_REP,QUEST_VER_NR,22,NUMBER,3,N
NCI_QUEST_VV_REP,QUEST_VV_REP_ID,22,NUMBER,1,N
NCI_QUEST_VV_REP,REP_SEQ,22,NUMBER,8,Y
NCI_QUEST_VV_REP,S2P_TRN_DT,7,DATE,14,Y
NCI_QUEST_VV_REP,VAL,255,VARCHAR2,6,Y
NCI_QUEST_VV_REP,VV_PUB_ID,22,NUMBER,4,Y
NCI_QUEST_VV_REP,VV_VER_NR,22,NUMBER,5,Y
NCI_STG_ADMIN_ITEM,ADMIN_STUS_ID,22,NUMBER,32,Y
NCI_STG_ADMIN_ITEM,CNTXT_ITEM_ID,22,NUMBER,18,Y
NCI_STG_ADMIN_ITEM,CNTXT_VER_NR,22,NUMBER,19,Y
NCI_STG_ADMIN_ITEM,CONC_DOM_ITEM_ID,22,NUMBER,6,Y
NCI_STG_ADMIN_ITEM,CONC_DOM_VER_NR,22,NUMBER,7,Y
NCI_STG_ADMIN_ITEM,CREAT_DE_IND,22,NUMBER,16,Y
NCI_STG_ADMIN_ITEM,CREAT_DT,7,DATE,49,Y
NCI_STG_ADMIN_ITEM,CREAT_USR_ID,50,VARCHAR2,50,Y
NCI_STG_ADMIN_ITEM,CREAT_VD_IND,22,NUMBER,17,Y
NCI_STG_ADMIN_ITEM,CTL_REC_STUS,100,VARCHAR2,37,Y
NCI_STG_ADMIN_ITEM,CTL_USR_ID,100,VARCHAR2,39,Y
NCI_STG_ADMIN_ITEM,CTL_VAL_MSG,"1,000",VARCHAR2,38,Y
NCI_STG_ADMIN_ITEM,DEC_ITEM_DESC,"4,000",VARCHAR2,29,Y
NCI_STG_ADMIN_ITEM,DEC_ITEM_LONG_NM,255,VARCHAR2,30,Y
NCI_STG_ADMIN_ITEM,DEC_ITEM_NM,175,VARCHAR2,31,Y
NCI_STG_ADMIN_ITEM,DEC_ORIGIN,22,NUMBER,24,Y
NCI_STG_ADMIN_ITEM,DE_CONC_ITEM_ID,22,NUMBER,4,Y
NCI_STG_ADMIN_ITEM,DE_CONC_VER_NR,22,NUMBER,5,Y
NCI_STG_ADMIN_ITEM,DE_ITEM_DESC,"4,000",VARCHAR2,20,Y
NCI_STG_ADMIN_ITEM,DE_ITEM_ID,22,NUMBER,2,Y
NCI_STG_ADMIN_ITEM,DE_ITEM_LONG_NM,255,VARCHAR2,21,Y
NCI_STG_ADMIN_ITEM,DE_ITEM_NM,175,VARCHAR2,22,Y
NCI_STG_ADMIN_ITEM,DE_ORIGIN,22,NUMBER,23,Y
NCI_STG_ADMIN_ITEM,DE_PREC,22,NUMBER,34,Y
NCI_STG_ADMIN_ITEM,DE_VER_NR,22,NUMBER,3,Y
NCI_STG_ADMIN_ITEM,DTTYPE_ID,22,NUMBER,41,Y
NCI_STG_ADMIN_ITEM,FLD_DELETE,22,NUMBER,52,Y
NCI_STG_ADMIN_ITEM,LST_DEL_DT,7,DATE,53,Y
NCI_STG_ADMIN_ITEM,LST_UPD_DT,7,DATE,55,Y
NCI_STG_ADMIN_ITEM,LST_UPD_USR_ID,50,VARCHAR2,51,Y
NCI_STG_ADMIN_ITEM,NON_ENUM_VAL_DOM_DESC,"4,000",VARCHAR2,40,Y
NCI_STG_ADMIN_ITEM,OBJ_CLS_DESC,"4,000",VARCHAR2,56,Y
NCI_STG_ADMIN_ITEM,OBJ_CLS_ITEM_ID,22,NUMBER,10,Y
NCI_STG_ADMIN_ITEM,OBJ_CLS_LONG_NM,255,VARCHAR2,12,Y
NCI_STG_ADMIN_ITEM,OBJ_CLS_VER_NR,22,NUMBER,11,Y
NCI_STG_ADMIN_ITEM,PROP_DESC,"4,000",VARCHAR2,57,Y
NCI_STG_ADMIN_ITEM,PROP_ITEM_ID,22,NUMBER,14,Y
NCI_STG_ADMIN_ITEM,PROP_LONG_NM,255,VARCHAR2,13,Y
NCI_STG_ADMIN_ITEM,PROP_VER_NR,22,NUMBER,15,Y
NCI_STG_ADMIN_ITEM,REGSTR_STUS_ID,22,NUMBER,33,Y
NCI_STG_ADMIN_ITEM,REP_CLS_ITEM_ID,22,NUMBER,36,Y
NCI_STG_ADMIN_ITEM,REP_CLS_VER_NR,22,NUMBER,35,Y
NCI_STG_ADMIN_ITEM,S2P_TRN_DT,7,DATE,54,Y
NCI_STG_ADMIN_ITEM,STG_AI_ID,22,NUMBER,1,N
NCI_STG_ADMIN_ITEM,STRT_DE_CONC_ITEM_ID,22,NUMBER,62,Y
NCI_STG_ADMIN_ITEM,STRT_DE_CONC_VER_NR,22,NUMBER,63,Y
NCI_STG_ADMIN_ITEM,STRT_OBJ_CLS_ITEM_ID,22,NUMBER,58,Y
NCI_STG_ADMIN_ITEM,STRT_OBJ_CLS_VER_NR,22,NUMBER,59,Y
NCI_STG_ADMIN_ITEM,STRT_PROP_ITEM_ID,22,NUMBER,60,Y
NCI_STG_ADMIN_ITEM,STRT_PROP_VER_NR,22,NUMBER,61,Y
NCI_STG_ADMIN_ITEM,UOM_ID,22,NUMBER,44,Y
NCI_STG_ADMIN_ITEM,VAL_DOM_FMT_ID,22,NUMBER,46,Y
NCI_STG_ADMIN_ITEM,VAL_DOM_HIGH_VAL_NUM,50,VARCHAR2,47,Y
NCI_STG_ADMIN_ITEM,VAL_DOM_ITEM_ID,22,NUMBER,8,Y
NCI_STG_ADMIN_ITEM,VAL_DOM_LOW_VAL_NUM,50,VARCHAR2,48,Y
NCI_STG_ADMIN_ITEM,VAL_DOM_MAX_CHAR,22,NUMBER,42,Y
NCI_STG_ADMIN_ITEM,VAL_DOM_MIN_CHAR,22,NUMBER,45,Y
NCI_STG_ADMIN_ITEM,VAL_DOM_TYP_ID,22,NUMBER,43,Y
NCI_STG_ADMIN_ITEM,VAL_DOM_VER_NR,22,NUMBER,9,Y
NCI_STG_ADMIN_ITEM,VD_ITEM_DESC,"4,000",VARCHAR2,26,Y
NCI_STG_ADMIN_ITEM,VD_ITEM_LONG_NM,255,VARCHAR2,27,Y
NCI_STG_ADMIN_ITEM,VD_ITEM_NM,175,VARCHAR2,28,Y
NCI_STG_ADMIN_ITEM,VD_ORIGIN,22,NUMBER,25,Y
NCI_STG_AI_CNCPT,CNCPT_ITEM_ID,22,NUMBER,4,N
NCI_STG_AI_CNCPT,CNCPT_VER_NR,22,NUMBER,5,N
NCI_STG_AI_CNCPT,CREAT_DT,7,DATE,6,Y
NCI_STG_AI_CNCPT,CREAT_USR_ID,50,VARCHAR2,7,Y
NCI_STG_AI_CNCPT,FLD_DELETE,22,NUMBER,9,Y
NCI_STG_AI_CNCPT,LST_DEL_DT,7,DATE,10,Y
NCI_STG_AI_CNCPT,LST_UPD_DT,7,DATE,12,Y
NCI_STG_AI_CNCPT,LST_UPD_USR_ID,50,VARCHAR2,8,Y
NCI_STG_AI_CNCPT,LVL_NM,10,VARCHAR2,3,N
NCI_STG_AI_CNCPT,NCI_ORD,22,NUMBER,13,N
NCI_STG_AI_CNCPT,NCI_PRMRY_IND,22,NUMBER,14,N
NCI_STG_AI_CNCPT,S2P_TRN_DT,7,DATE,11,Y
NCI_STG_AI_CNCPT,STG_AI_CNCPT_ID,22,NUMBER,1,N
NCI_STG_AI_CNCPT,STG_AI_ID,22,NUMBER,2,N
NCI_STG_AI_CNCPT_CREAT,ADMIN_STUS_ID,22,NUMBER,20,Y
NCI_STG_AI_CNCPT_CREAT,CNCPT_1_ITEM_ID_1,22,NUMBER,22,Y
NCI_STG_AI_CNCPT_CREAT,CNCPT_1_ITEM_ID_10,22,NUMBER,40,Y
NCI_STG_AI_CNCPT_CREAT,CNCPT_1_ITEM_ID_2,22,NUMBER,24,Y
NCI_STG_AI_CNCPT_CREAT,CNCPT_1_ITEM_ID_3,22,NUMBER,26,Y
NCI_STG_AI_CNCPT_CREAT,CNCPT_1_ITEM_ID_4,22,NUMBER,28,Y
NCI_STG_AI_CNCPT_CREAT,CNCPT_1_ITEM_ID_5,22,NUMBER,30,Y
NCI_STG_AI_CNCPT_CREAT,CNCPT_1_ITEM_ID_6,22,NUMBER,32,Y
NCI_STG_AI_CNCPT_CREAT,CNCPT_1_ITEM_ID_7,22,NUMBER,34,Y
NCI_STG_AI_CNCPT_CREAT,CNCPT_1_ITEM_ID_8,22,NUMBER,36,Y
NCI_STG_AI_CNCPT_CREAT,CNCPT_1_ITEM_ID_9,22,NUMBER,38,Y
NCI_STG_AI_CNCPT_CREAT,CNCPT_1_VER_NR_1,22,NUMBER,23,Y
NCI_STG_AI_CNCPT_CREAT,CNCPT_1_VER_NR_10,22,NUMBER,41,Y
NCI_STG_AI_CNCPT_CREAT,CNCPT_1_VER_NR_2,22,NUMBER,25,Y
NCI_STG_AI_CNCPT_CREAT,CNCPT_1_VER_NR_3,22,NUMBER,27,Y
NCI_STG_AI_CNCPT_CREAT,CNCPT_1_VER_NR_4,22,NUMBER,29,Y
NCI_STG_AI_CNCPT_CREAT,CNCPT_1_VER_NR_5,22,NUMBER,31,Y
NCI_STG_AI_CNCPT_CREAT,CNCPT_1_VER_NR_6,22,NUMBER,33,Y
NCI_STG_AI_CNCPT_CREAT,CNCPT_1_VER_NR_7,22,NUMBER,35,Y
NCI_STG_AI_CNCPT_CREAT,CNCPT_1_VER_NR_8,22,NUMBER,37,Y
NCI_STG_AI_CNCPT_CREAT,CNCPT_1_VER_NR_9,22,NUMBER,39,Y
NCI_STG_AI_CNCPT_CREAT,CNCPT_2_ITEM_ID_1,22,NUMBER,42,Y
NCI_STG_AI_CNCPT_CREAT,CNCPT_2_ITEM_ID_10,22,NUMBER,60,Y
NCI_STG_AI_CNCPT_CREAT,CNCPT_2_ITEM_ID_2,22,NUMBER,44,Y
NCI_STG_AI_CNCPT_CREAT,CNCPT_2_ITEM_ID_3,22,NUMBER,46,Y
NCI_STG_AI_CNCPT_CREAT,CNCPT_2_ITEM_ID_4,22,NUMBER,48,Y
NCI_STG_AI_CNCPT_CREAT,CNCPT_2_ITEM_ID_5,22,NUMBER,50,Y
NCI_STG_AI_CNCPT_CREAT,CNCPT_2_ITEM_ID_6,22,NUMBER,52,Y
NCI_STG_AI_CNCPT_CREAT,CNCPT_2_ITEM_ID_7,22,NUMBER,54,Y
NCI_STG_AI_CNCPT_CREAT,CNCPT_2_ITEM_ID_8,22,NUMBER,56,Y
NCI_STG_AI_CNCPT_CREAT,CNCPT_2_ITEM_ID_9,22,NUMBER,58,Y
NCI_STG_AI_CNCPT_CREAT,CNCPT_2_VER_NR_1,22,NUMBER,43,Y
NCI_STG_AI_CNCPT_CREAT,CNCPT_2_VER_NR_10,22,NUMBER,61,Y
NCI_STG_AI_CNCPT_CREAT,CNCPT_2_VER_NR_2,22,NUMBER,45,Y
NCI_STG_AI_CNCPT_CREAT,CNCPT_2_VER_NR_3,22,NUMBER,47,Y
NCI_STG_AI_CNCPT_CREAT,CNCPT_2_VER_NR_4,22,NUMBER,49,Y
NCI_STG_AI_CNCPT_CREAT,CNCPT_2_VER_NR_5,22,NUMBER,51,Y
NCI_STG_AI_CNCPT_CREAT,CNCPT_2_VER_NR_6,22,NUMBER,53,Y
NCI_STG_AI_CNCPT_CREAT,CNCPT_2_VER_NR_7,22,NUMBER,55,Y
NCI_STG_AI_CNCPT_CREAT,CNCPT_2_VER_NR_8,22,NUMBER,57,Y
NCI_STG_AI_CNCPT_CREAT,CNCPT_2_VER_NR_9,22,NUMBER,59,Y
NCI_STG_AI_CNCPT_CREAT,CNCPT_CONCAT_STR_1,"4,000",VARCHAR2,4,Y
NCI_STG_AI_CNCPT_CREAT,CNCPT_CONCAT_STR_2,"4,000",VARCHAR2,5,Y
NCI_STG_AI_CNCPT_CREAT,CNTXT_ITEM_ID,22,NUMBER,18,Y
NCI_STG_AI_CNCPT_CREAT,CNTXT_VER_NR,22,NUMBER,19,Y
NCI_STG_AI_CNCPT_CREAT,CONC_DOM_ITEM_ID,22,NUMBER,16,Y
NCI_STG_AI_CNCPT_CREAT,CONC_DOM_VER_NR,22,NUMBER,17,Y
NCI_STG_AI_CNCPT_CREAT,CREAT_DT,7,DATE,62,Y
NCI_STG_AI_CNCPT_CREAT,CREAT_USR_ID,50,VARCHAR2,63,Y
NCI_STG_AI_CNCPT_CREAT,CTL_VAL_MSG,"4,000",VARCHAR2,2,Y
NCI_STG_AI_CNCPT_CREAT,FLD_DELETE,22,NUMBER,65,Y
NCI_STG_AI_CNCPT_CREAT,GEN_STR,255,VARCHAR2,3,Y
NCI_STG_AI_CNCPT_CREAT,ITEM_1_DEF,"4,000",VARCHAR2,12,Y
NCI_STG_AI_CNCPT_CREAT,ITEM_1_ID,22,NUMBER,6,Y
NCI_STG_AI_CNCPT_CREAT,ITEM_1_LONG_NM,255,VARCHAR2,11,Y
NCI_STG_AI_CNCPT_CREAT,ITEM_1_NM,255,VARCHAR2,10,Y
NCI_STG_AI_CNCPT_CREAT,ITEM_1_VER_NR,22,NUMBER,7,Y
NCI_STG_AI_CNCPT_CREAT,ITEM_2_DEF,"4,000",VARCHAR2,15,Y
NCI_STG_AI_CNCPT_CREAT,ITEM_2_ID,22,NUMBER,8,Y
NCI_STG_AI_CNCPT_CREAT,ITEM_2_LONG_NM,255,VARCHAR2,14,Y
NCI_STG_AI_CNCPT_CREAT,ITEM_2_NM,255,VARCHAR2,13,Y
NCI_STG_AI_CNCPT_CREAT,ITEM_2_VER_NR,22,NUMBER,9,Y
NCI_STG_AI_CNCPT_CREAT,LST_DEL_DT,7,DATE,66,Y
NCI_STG_AI_CNCPT_CREAT,LST_UPD_DT,7,DATE,68,Y
NCI_STG_AI_CNCPT_CREAT,LST_UPD_USR_ID,50,VARCHAR2,64,Y
NCI_STG_AI_CNCPT_CREAT,REGSTR_STUS_ID,22,NUMBER,21,Y
NCI_STG_AI_CNCPT_CREAT,S2P_TRN_DT,7,DATE,67,Y
NCI_STG_AI_CNCPT_CREAT,STG_AI_ID,22,NUMBER,1,N
NCI_STG_AI_REL,CREAT_DT,7,DATE,5,Y
NCI_STG_AI_REL,CREAT_USR_ID,50,VARCHAR2,6,Y
NCI_STG_AI_REL,FLD_DELETE,22,NUMBER,8,Y
NCI_STG_AI_REL,ITEM_ID,22,NUMBER,2,N
NCI_STG_AI_REL,LST_DEL_DT,7,DATE,9,Y
NCI_STG_AI_REL,LST_UPD_DT,7,DATE,11,Y
NCI_STG_AI_REL,LST_UPD_USR_ID,50,VARCHAR2,7,Y
NCI_STG_AI_REL,LVL_NM,10,VARCHAR2,4,N
NCI_STG_AI_REL,S2P_TRN_DT,7,DATE,10,Y
NCI_STG_AI_REL,STG_AI_ID,22,NUMBER,1,N
NCI_STG_AI_REL,VER_NR,22,NUMBER,3,N
NCI_USR_CART,CNTCT_SECU_ID,50,VARCHAR2,1,N
NCI_USR_CART,CREAT_DT,7,DATE,4,Y
NCI_USR_CART,CREAT_USR_ID,50,VARCHAR2,5,Y
NCI_USR_CART,FLD_DELETE,22,NUMBER,7,Y
NCI_USR_CART,GUEST_USR_NM,255,VARCHAR2,11,N
NCI_USR_CART,ITEM_ID,22,NUMBER,2,N
NCI_USR_CART,LST_DEL_DT,7,DATE,8,Y
NCI_USR_CART,LST_UPD_DT,7,DATE,10,Y
NCI_USR_CART,LST_UPD_USR_ID,50,VARCHAR2,6,Y
NCI_USR_CART,S2P_TRN_DT,7,DATE,9,Y
NCI_USR_CART,VER_NR,22,NUMBER,3,N
NCI_VAL_MEAN,CREAT_DT,7,DATE,3,Y
NCI_VAL_MEAN,CREAT_USR_ID,50,VARCHAR2,4,Y
NCI_VAL_MEAN,FLD_DELETE,22,NUMBER,6,Y
NCI_VAL_MEAN,ITEM_ID,22,NUMBER,1,N
NCI_VAL_MEAN,LST_DEL_DT,7,DATE,7,Y
NCI_VAL_MEAN,LST_UPD_DT,7,DATE,9,Y
NCI_VAL_MEAN,LST_UPD_USR_ID,50,VARCHAR2,5,Y
NCI_VAL_MEAN,S2P_TRN_DT,7,DATE,8,Y
NCI_VAL_MEAN,VER_NR,22,NUMBER,2,N
NCI_VAL_MEAN,VM_CMNTS,"4,000",VARCHAR2,11,Y
NCI_VAL_MEAN,VM_DESC_TXT,"4,000",VARCHAR2,10,Y
OBJ_CLS,CREAT_DT,7,DATE,3,Y
OBJ_CLS,CREAT_USR_ID,50,VARCHAR2,4,Y
OBJ_CLS,FLD_DELETE,22,NUMBER,6,Y
OBJ_CLS,ITEM_ID,22,NUMBER,2,N
OBJ_CLS,LST_DEL_DT,7,DATE,7,Y
OBJ_CLS,LST_UPD_DT,7,DATE,9,Y
OBJ_CLS,LST_UPD_USR_ID,50,VARCHAR2,5,Y
OBJ_CLS,S2P_TRN_DT,7,DATE,8,Y
OBJ_CLS,VER_NR,22,NUMBER,1,N
OBJ_CLS_REL,CREAT_DT,7,DATE,1,N
OBJ_CLS_REL,CREAT_USR_ID,50,VARCHAR2,2,N
OBJ_CLS_REL,FLD_DELETE,22,NUMBER,4,N
OBJ_CLS_REL,LST_DEL_DT,7,DATE,5,Y
OBJ_CLS_REL,LST_UPD_DT,7,DATE,7,Y
OBJ_CLS_REL,LST_UPD_USR_ID,50,VARCHAR2,3,Y
OBJ_CLS_REL,PRMRY_ITEM_ID,22,NUMBER,8,N
OBJ_CLS_REL,PRMRY_VER_NR,22,NUMBER,9,N
OBJ_CLS_REL,S2P_TRN_DT,7,DATE,6,Y
OBJ_CLS_REL,SCNDRY_ITEM_ID,22,NUMBER,10,N
OBJ_CLS_REL,SCNDRY_VER_NR,22,NUMBER,11,N
OBJ_KEY,CREAT_DT,7,DATE,6,Y
OBJ_KEY,CREAT_USR_ID,50,VARCHAR2,7,Y
OBJ_KEY,DISP_ORD,22,NUMBER,15,Y
OBJ_KEY,FLD_DELETE,22,NUMBER,9,Y
OBJ_KEY,LST_DEL_DT,7,DATE,10,Y
OBJ_KEY,LST_UPD_DT,7,DATE,12,Y
OBJ_KEY,LST_UPD_USR_ID,50,VARCHAR2,8,Y
OBJ_KEY,NCI_CD,500,VARCHAR2,14,Y
OBJ_KEY,OBJ_KEY_CD,15,VARCHAR2,4,Y
OBJ_KEY,OBJ_KEY_CMNTS,"4,000",VARCHAR2,13,Y
OBJ_KEY,OBJ_KEY_DEF,"4,000",VARCHAR2,5,Y
OBJ_KEY,OBJ_KEY_DESC,500,VARCHAR2,2,N
OBJ_KEY,OBJ_KEY_ID,22,NUMBER,1,N
OBJ_KEY,OBJ_TYP_ID,22,NUMBER,3,N
OBJ_KEY,S2P_TRN_DT,7,DATE,11,Y
OBJ_TYP,CREAT_DT,7,DATE,3,Y
OBJ_TYP,CREAT_USR_ID,50,VARCHAR2,4,Y
OBJ_TYP,FLD_DELETE,22,NUMBER,6,Y
OBJ_TYP,LST_DEL_DT,7,DATE,7,Y
OBJ_TYP,LST_UPD_DT,7,DATE,9,Y
OBJ_TYP,LST_UPD_USR_ID,50,VARCHAR2,5,Y
OBJ_TYP,OBJ_TYP_DESC,50,VARCHAR2,2,N
OBJ_TYP,OBJ_TYP_ID,22,NUMBER,1,N
OBJ_TYP,S2P_TRN_DT,7,DATE,8,Y
OD_CNSTRNT_TYP,CNSTRNT_TYP_NM,20,VARCHAR2,2,Y
OD_CNSTRNT_TYP,CONST_TYP_ID,22,NUMBER,1,N
OD_CNSTRNT_TYP,CREAT_DT,7,DATE,3,Y
OD_CNSTRNT_TYP,CREAT_USR_ID,50,VARCHAR2,4,Y
OD_CNSTRNT_TYP,FLD_DELETE,22,NUMBER,6,Y
OD_CNSTRNT_TYP,LST_DEL_DT,7,DATE,7,Y
OD_CNSTRNT_TYP,LST_UPD_DT,7,DATE,9,Y
OD_CNSTRNT_TYP,LST_UPD_USR_ID,50,VARCHAR2,5,Y
OD_CNSTRNT_TYP,S2P_TRN_DT,7,DATE,8,Y
ORG,CREAT_DT,7,DATE,6,Y
ORG,CREAT_USR_ID,50,VARCHAR2,8,Y
ORG,FLD_DELETE,22,NUMBER,10,Y
ORG,INTL_CD_DESGN,50,VARCHAR2,3,Y
ORG,LANG_ID,22,NUMBER,19,Y
ORG,LINE_OF_BUS,30,VARCHAR2,16,Y
ORG,LST_DEL_DT,7,DATE,11,Y
ORG,LST_UPD_DT,7,DATE,13,Y
ORG,LST_UPD_USR_ID,50,VARCHAR2,9,Y
ORG,MDR_ORG_ID,30,VARCHAR2,17,Y
ORG,NCI_IDSEQ,36,CHAR,20,Y
ORG,ORG_ID,22,NUMBER,4,N
ORG,ORG_MAIL_ADR,"4,000",VARCHAR2,1,Y
ORG,ORG_NM,80,VARCHAR2,2,N
ORG,ORG_PRT_ID,15,VARCHAR2,5,Y
ORG,ORG_PRT_ID_STR,50,VARCHAR2,7,Y
ORG,ORG_WEBSITE,50,VARCHAR2,14,Y
ORG,RA_IND,1,CHAR,18,Y
ORG,ROUTE_SYM,30,VARCHAR2,15,Y
ORG,S2P_TRN_DT,7,DATE,12,Y
ORG_CNTCT,CNTCT_ID,22,NUMBER,2,N
ORG_CNTCT,CREAT_DT,7,DATE,3,Y
ORG_CNTCT,CREAT_USR_ID,50,VARCHAR2,4,Y
ORG_CNTCT,FLD_DELETE,22,NUMBER,6,Y
ORG_CNTCT,LST_DEL_DT,7,DATE,7,Y
ORG_CNTCT,LST_UPD_DT,7,DATE,9,Y
ORG_CNTCT,LST_UPD_USR_ID,50,VARCHAR2,5,Y
ORG_CNTCT,ORG_ID,22,NUMBER,1,N
ORG_CNTCT,S2P_TRN_DT,7,DATE,8,Y
PERM_VAL,CREAT_DT,7,DATE,9,Y
PERM_VAL,CREAT_USR_ID,50,VARCHAR2,10,Y
PERM_VAL,FLD_DELETE,22,NUMBER,12,Y
PERM_VAL,LST_DEL_DT,7,DATE,13,Y
PERM_VAL,LST_UPD_DT,7,DATE,15,Y
PERM_VAL,LST_UPD_USR_ID,50,VARCHAR2,11,Y
PERM_VAL,NCI_IDSEQ,36,CHAR,19,Y
PERM_VAL,NCI_ORIGIN,500,VARCHAR2,23,Y
PERM_VAL,NCI_ORIGIN_ID,22,NUMBER,22,Y
PERM_VAL,NCI_VAL_MEAN_ITEM_ID,22,NUMBER,20,N
PERM_VAL,NCI_VAL_MEAN_VER_NR,22,NUMBER,21,N
PERM_VAL,PERM_VAL_BEG_DT,7,DATE,1,Y
PERM_VAL,PERM_VAL_DESC_TXT,"2,000",VARCHAR2,4,Y
PERM_VAL,PERM_VAL_END_DT,7,DATE,2,Y
PERM_VAL,PERM_VAL_NM,255,VARCHAR2,3,N
PERM_VAL,PRNT_CNCPT_ITEM_ID,22,NUMBER,24,Y
PERM_VAL,PRNT_CNCPT_VER_NR,22,NUMBER,25,Y
PERM_VAL,S2P_TRN_DT,7,DATE,14,Y
PERM_VAL,VAL_DOM_ITEM_ID,22,NUMBER,5,N
PERM_VAL,VAL_DOM_VER_NR,22,NUMBER,6,N
PERM_VAL,VAL_ID,22,NUMBER,7,N
PERM_VAL,VAL_MEAN_ID,22,NUMBER,8,Y
PERM_VAL,X_AXIS_PV_ID,22,NUMBER,16,Y
PERM_VAL,Y_AXIS_PV_ID,22,NUMBER,17,Y
PERM_VAL,Z_AXIS_PV_ID,22,NUMBER,18,Y
PROP,CREAT_DT,7,DATE,3,Y
PROP,CREAT_USR_ID,50,VARCHAR2,4,Y
PROP,FLD_DELETE,22,NUMBER,6,Y
PROP,ITEM_ID,22,NUMBER,2,N
PROP,LST_DEL_DT,7,DATE,7,Y
PROP,LST_UPD_DT,7,DATE,9,Y
PROP,LST_UPD_USR_ID,50,VARCHAR2,5,Y
PROP,S2P_TRN_DT,7,DATE,8,Y
PROP,VER_NR,22,NUMBER,1,N
REF,CREAT_DT,7,DATE,4,Y
REF,CREAT_USR_ID,50,VARCHAR2,6,Y
REF,DISP_ORD,22,NUMBER,14,Y
REF,FLD_DELETE,22,NUMBER,8,Y
REF,ITEM_ID,22,NUMBER,3,N
REF,LANG_ID,22,NUMBER,15,Y
REF,LST_DEL_DT,7,DATE,9,Y
REF,LST_UPD_DT,7,DATE,11,Y
REF,LST_UPD_USR_ID,50,VARCHAR2,7,Y
REF,NCI_CNTXT_ITEM_ID,22,NUMBER,18,Y
REF,NCI_CNTXT_VER_NR,22,NUMBER,19,Y
REF,NCI_IDSEQ,36,CHAR,16,Y
REF,ORG_ID,22,NUMBER,17,Y
REF,REF_DESC,"4,000",VARCHAR2,12,Y
REF,REF_ID,22,NUMBER,1,N
REF,REF_NM,255,VARCHAR2,2,Y
REF,REF_TYP_ID,22,NUMBER,13,Y
REF,S2P_TRN_DT,7,DATE,10,Y
REF,URL,255,VARCHAR2,20,Y
REF,VER_NR,22,NUMBER,5,N
REF_DOC,BLOB_COL,"4,000",BLOB,23,Y
REF_DOC,CREAT_DT,7,DATE,5,Y
REF_DOC,CREAT_USR_ID,50,VARCHAR2,6,Y
REF_DOC,FILE_NM,350,VARCHAR2,14,Y
REF_DOC,FLD_DELETE,22,NUMBER,8,Y
REF_DOC,LANG_ID,22,NUMBER,13,Y
REF_DOC,LEGCY_CD,50,VARCHAR2,17,Y
REF_DOC,LST_DEL_DT,7,DATE,9,Y
REF_DOC,LST_UPD_DT,7,DATE,11,Y
REF_DOC,LST_UPD_USR_ID,50,VARCHAR2,7,Y
REF_DOC,NCI_CHARSET,128,VARCHAR2,20,Y
REF_DOC,NCI_DOC_LST_UPD_DT,7,DATE,21,Y
REF_DOC,NCI_DOC_SIZE,22,NUMBER,19,Y
REF_DOC,NCI_MIME_TYPE,128,VARCHAR2,18,Y
REF_DOC,NCI_REF_ID,22,NUMBER,22,N
REF_DOC,ORG_ID,22,NUMBER,4,Y
REF_DOC,REF_DOC_DESC,"1,000",VARCHAR2,16,Y
REF_DOC,REF_DOC_ID,22,NUMBER,1,N
REF_DOC,REF_DOC_TTL,50,VARCHAR2,2,Y
REF_DOC,REF_DOC_TYP_ID,50,VARCHAR2,3,Y
REF_DOC,S2P_TRN_DT,7,DATE,10,Y
REF_DOC,SHR_IND,1,CHAR,12,Y
REF_DOC,URL,255,VARCHAR2,15,Y
REGIST_RUL,CREAT_DT,7,DATE,6,Y
REGIST_RUL,CREAT_USR_ID,50,VARCHAR2,8,Y
REGIST_RUL,FLD_DELETE,22,NUMBER,10,Y
REGIST_RUL,FROM_STUS_ID,22,NUMBER,1,Y
REGIST_RUL,LST_DEL_DT,7,DATE,11,Y
REGIST_RUL,LST_UPD_DT,7,DATE,13,Y
REGIST_RUL,LST_UPD_USR_ID,50,VARCHAR2,9,Y
REGIST_RUL,REGIST_RUL_ID,22,NUMBER,3,N
REGIST_RUL,REQ_COL_DESC,"4,000",VARCHAR2,4,Y
REGIST_RUL,S2P_TRN_DT,7,DATE,12,Y
REGIST_RUL,STUS_TYP_ID,22,NUMBER,5,N
REGIST_RUL,TO_STUS_ID,22,NUMBER,2,N
REGIST_RUL,USR_GRP_ID,22,NUMBER,7,N
REGIST_RUL_REQ_COLMNS,ADMIN_ITEM_TYP_ID,22,NUMBER,4,Y
REGIST_RUL_REQ_COLMNS,COL_DESC,100,VARCHAR2,13,Y
REGIST_RUL_REQ_COLMNS,COL_NM,50,VARCHAR2,3,N
REGIST_RUL_REQ_COLMNS,CREAT_DT,7,DATE,5,Y
REGIST_RUL_REQ_COLMNS,CREAT_USR_ID,50,VARCHAR2,6,Y
REGIST_RUL_REQ_COLMNS,ENTTY_NM,50,VARCHAR2,2,N
REGIST_RUL_REQ_COLMNS,FLD_DELETE,22,NUMBER,8,Y
REGIST_RUL_REQ_COLMNS,LST_DEL_DT,7,DATE,9,Y
REGIST_RUL_REQ_COLMNS,LST_UPD_DT,7,DATE,11,Y
REGIST_RUL_REQ_COLMNS,LST_UPD_USR_ID,50,VARCHAR2,7,Y
REGIST_RUL_REQ_COLMNS,MAP_COL_NM,50,VARCHAR2,12,Y
REGIST_RUL_REQ_COLMNS,S2P_TRN_DT,7,DATE,10,Y
REGIST_RUL_REQ_COLMNS,TO_STUS_ID,22,NUMBER,1,N
REP_CLS,CREAT_DT,7,DATE,3,Y
REP_CLS,CREAT_USR_ID,50,VARCHAR2,4,Y
REP_CLS,FLD_DELETE,22,NUMBER,6,Y
REP_CLS,ITEM_ID,22,NUMBER,2,N
REP_CLS,LST_DEL_DT,7,DATE,7,Y
REP_CLS,LST_UPD_DT,7,DATE,9,Y
REP_CLS,LST_UPD_USR_ID,50,VARCHAR2,5,Y
REP_CLS,S2P_TRN_DT,7,DATE,8,Y
REP_CLS,VER_NR,22,NUMBER,1,N
RE_MISC,ELEMENT,10,VARCHAR2,2,N
RE_MISC,TYPE,20,VARCHAR2,1,N
RE_OPERATORS,OPERATOR_ID,22,NUMBER,1,N
RE_OPERATORS,OPERATOR_NAME,100,VARCHAR2,2,Y
RE_RULES,DISABLED,22,NUMBER,5,Y
RE_RULES,RULE_ID,22,NUMBER,1,N
RE_RULES,RULE_NAME,100,VARCHAR2,3,Y
RE_RULES,RULE_TYPE,1,CHAR,2,Y
RE_RULES,RULE_VIOLATION_MESSAGE,100,VARCHAR2,4,Y
RE_RULE_STEPS,CONDITION_TYPE,1,CHAR,2,N
RE_RULE_STEPS,LEFT_EXPRESSION,"4,000",VARCHAR2,6,Y
RE_RULE_STEPS,LEFT_LOGICAL_OPERATOR,10,VARCHAR2,4,Y
RE_RULE_STEPS,LEFT_PARENTHESIS,10,VARCHAR2,5,Y
RE_RULE_STEPS,OPERATOR,22,NUMBER,7,Y
RE_RULE_STEPS,RIGHT_EXPRESSION,"4,000",VARCHAR2,8,Y
RE_RULE_STEPS,RIGHT_LOGICAL_OPERATOR,10,VARCHAR2,10,Y
RE_RULE_STEPS,RIGHT_PARENTHESIS,10,VARCHAR2,9,Y
RE_RULE_STEPS,RULE_ID,22,NUMBER,1,N
RE_RULE_STEPS,STEP_ID,22,NUMBER,3,N
STUS_MSTR,CREAT_DT,7,DATE,5,Y
STUS_MSTR,CREAT_USR_ID,50,VARCHAR2,6,Y
STUS_MSTR,FLD_DELETE,22,NUMBER,8,Y
STUS_MSTR,LST_DEL_DT,7,DATE,9,Y
STUS_MSTR,LST_UPD_DT,7,DATE,11,Y
STUS_MSTR,LST_UPD_USR_ID,50,VARCHAR2,7,Y
STUS_MSTR,NCI_CMNTS,"4,000",VARCHAR2,15,Y
STUS_MSTR,NCI_DISP_ORDR,22,NUMBER,16,Y
STUS_MSTR,NCI_STUS,20,VARCHAR2,14,Y
STUS_MSTR,S2P_TRN_DT,7,DATE,10,Y
STUS_MSTR,STUS_ACRO,10,VARCHAR2,13,Y
STUS_MSTR,STUS_DESC,"2,000",VARCHAR2,3,Y
STUS_MSTR,STUS_ID,22,NUMBER,1,N
STUS_MSTR,STUS_MSK,6,VARCHAR2,12,Y
STUS_MSTR,STUS_NM,50,VARCHAR2,2,N
STUS_MSTR,STUS_TYP_ID,22,NUMBER,4,N
STUS_TYP,CREAT_DT,7,DATE,3,Y
STUS_TYP,CREAT_USR_ID,50,VARCHAR2,4,Y
STUS_TYP,FLD_DELETE,22,NUMBER,6,Y
STUS_TYP,LST_DEL_DT,7,DATE,7,Y
STUS_TYP,LST_UPD_DT,7,DATE,9,Y
STUS_TYP,LST_UPD_USR_ID,50,VARCHAR2,5,Y
STUS_TYP,S2P_TRN_DT,7,DATE,8,Y
STUS_TYP,STUS_TYP_DESC,50,VARCHAR2,2,Y
STUS_TYP,STUS_TYP_ID,22,NUMBER,1,N
SYSTEM_APPLICATION,CREAT_DT,7,DATE,4,Y
SYSTEM_APPLICATION,CREAT_USR_ID,50,VARCHAR2,5,Y
SYSTEM_APPLICATION,FLD_DELETE,22,NUMBER,7,Y
SYSTEM_APPLICATION,LST_DEL_DT,7,DATE,8,Y
SYSTEM_APPLICATION,LST_UPD_DT,7,DATE,10,Y
SYSTEM_APPLICATION,LST_UPD_USR_ID,50,VARCHAR2,6,Y
SYSTEM_APPLICATION,S2P_TRN_DT,7,DATE,9,Y
SYSTEM_APPLICATION,SYSTEM_DESC,50,VARCHAR2,3,Y
SYSTEM_APPLICATION,SYSTEM_ID,22,NUMBER,1,N
SYSTEM_APPLICATION,SYSTEM_NM,50,VARCHAR2,2,N
SYSTEM_COLUMNS,CMNTS,"1,000",VARCHAR2,20,Y
SYSTEM_COLUMNS,COLUMN_DATATYP,50,VARCHAR2,5,Y
SYSTEM_COLUMNS,COLUMN_DESC,"1,000",VARCHAR2,4,Y
SYSTEM_COLUMNS,COLUMN_DFTL_VAL,"4,000",VARCHAR2,24,Y
SYSTEM_COLUMNS,COLUMN_FK,5,VARCHAR2,10,Y
SYSTEM_COLUMNS,COLUMN_ID,22,NUMBER,1,N
SYSTEM_COLUMNS,COLUMN_LEN,22,NUMBER,7,Y
SYSTEM_COLUMNS,COLUMN_NM,50,VARCHAR2,3,N
SYSTEM_COLUMNS,COLUMN_NULLABLE,5,VARCHAR2,6,Y
SYSTEM_COLUMNS,COLUMN_PK,5,VARCHAR2,9,Y
SYSTEM_COLUMNS,COLUMN_PREC,22,NUMBER,8,Y
SYSTEM_COLUMNS,CREAT_DT,7,DATE,12,Y
SYSTEM_COLUMNS,CREAT_USR_ID,50,VARCHAR2,13,Y
SYSTEM_COLUMNS,CTLG_NM,255,VARCHAR2,21,Y
SYSTEM_COLUMNS,END_DT,11,TIMESTAMP(6),29,Y
SYSTEM_COLUMNS,FLD_DELETE,22,NUMBER,15,Y
SYSTEM_COLUMNS,ITEM_ID,22,NUMBER,26,Y
SYSTEM_COLUMNS,LOGCL_ATTR_NM,255,VARCHAR2,25,Y
SYSTEM_COLUMNS,LST_DEL_DT,7,DATE,16,Y
SYSTEM_COLUMNS,LST_UPD_DT,7,DATE,18,Y
SYSTEM_COLUMNS,LST_UPD_USR_ID,50,VARCHAR2,14,Y
SYSTEM_COLUMNS,PHYS_ORD,22,NUMBER,19,Y
SYSTEM_COLUMNS,S2P_TRN_DT,7,DATE,17,Y
SYSTEM_COLUMNS,SCHM_NM,255,VARCHAR2,23,Y
SYSTEM_COLUMNS,STRT_DT,11,TIMESTAMP(6),28,Y
SYSTEM_COLUMNS,SYS_TBL_COL_NM,250,VARCHAR2,11,Y
SYSTEM_COLUMNS,TABLE_ID,22,NUMBER,2,N
SYSTEM_COLUMNS,TYP_NM,255,VARCHAR2,22,Y
SYSTEM_COLUMNS,VER_NR,22,NUMBER,27,Y
SYSTEM_COLUMNS_DATA,COLUMN_ID,22,NUMBER,1,N
SYSTEM_COLUMNS_DATA,COLUMN_VAL,"1,000",VARCHAR2,2,N
SYSTEM_COLUMNS_DATA,CREAT_DT,7,DATE,3,Y
SYSTEM_COLUMNS_DATA,CREAT_USR_ID,50,VARCHAR2,4,Y
SYSTEM_COLUMNS_DATA,FLD_DELETE,22,NUMBER,6,Y
SYSTEM_COLUMNS_DATA,LST_DEL_DT,7,DATE,7,Y
SYSTEM_COLUMNS_DATA,LST_UPD_DT,7,DATE,9,Y
SYSTEM_COLUMNS_DATA,LST_UPD_USR_ID,50,VARCHAR2,5,Y
SYSTEM_COLUMNS_DATA,S2P_TRN_DT,7,DATE,8,Y
SYSTEM_COLUMN_DE,CMNTS,"1,000",VARCHAR2,4,Y
SYSTEM_COLUMN_DE,COLUMN_ID,22,NUMBER,1,N
SYSTEM_COLUMN_DE,CREAT_DT,7,DATE,7,Y
SYSTEM_COLUMN_DE,CREAT_USR_ID,50,VARCHAR2,8,Y
SYSTEM_COLUMN_DE,FLD_DELETE,22,NUMBER,10,Y
SYSTEM_COLUMN_DE,ITEM_ID,22,NUMBER,2,N
SYSTEM_COLUMN_DE,LST_DEL_DT,7,DATE,5,Y
SYSTEM_COLUMN_DE,LST_UPD_DT,7,DATE,6,Y
SYSTEM_COLUMN_DE,LST_UPD_USR_ID,50,VARCHAR2,9,Y
SYSTEM_COLUMN_DE,S2P_TRN_DT,7,DATE,11,Y
SYSTEM_COLUMN_DE,VER_NR,22,NUMBER,3,N
SYSTEM_CONSTRAINTS,CNSTRNT_TYP_ID,22,NUMBER,6,N
SYSTEM_CONSTRAINTS,CONSTRAINT_COL_NAM,255,VARCHAR2,5,N
SYSTEM_CONSTRAINTS,CONSTRAINT_DESC,"1,000",VARCHAR2,4,Y
SYSTEM_CONSTRAINTS,CONSTRAINT_ID,22,NUMBER,1,N
SYSTEM_CONSTRAINTS,CONSTRAINT_NM,50,VARCHAR2,3,N
SYSTEM_CONSTRAINTS,CREAT_DT,7,DATE,7,Y
SYSTEM_CONSTRAINTS,CREAT_USR_ID,30,VARCHAR2,9,Y
SYSTEM_CONSTRAINTS,CTLG_NM,255,VARCHAR2,14,Y
SYSTEM_CONSTRAINTS,END_DT,11,TIMESTAMP(6),30,Y
SYSTEM_CONSTRAINTS,FK_DELETE_RULE,100,VARCHAR2,22,Y
SYSTEM_CONSTRAINTS,FK_UPDATE_RULE,100,VARCHAR2,21,Y
SYSTEM_CONSTRAINTS,FLD_DELETE,22,NUMBER,13,Y
SYSTEM_CONSTRAINTS,FLTR_CNDTN,"4,000",VARCHAR2,28,Y
SYSTEM_CONSTRAINTS,IDX_QUALIFIER,100,VARCHAR2,26,Y
SYSTEM_CONSTRAINTS,IS_FK_DEFERRED,5,VARCHAR2,24,Y
SYSTEM_CONSTRAINTS,IS_UNIQUE,22,NUMBER,25,Y
SYSTEM_CONSTRAINTS,LST_DEL_DT,7,DATE,11,Y
SYSTEM_CONSTRAINTS,LST_UPD_DT,7,DATE,8,Y
SYSTEM_CONSTRAINTS,LST_UPD_USR_ID,30,VARCHAR2,10,Y
SYSTEM_CONSTRAINTS,PK_CNSTRNT_NM,50,VARCHAR2,23,Y
SYSTEM_CONSTRAINTS,PK_COL_NM,255,VARCHAR2,20,Y
SYSTEM_CONSTRAINTS,PK_CTLG_NM,255,VARCHAR2,17,Y
SYSTEM_CONSTRAINTS,PK_SCHM_NM,255,VARCHAR2,18,Y
SYSTEM_CONSTRAINTS,PK_TBL_NM,255,VARCHAR2,19,Y
SYSTEM_CONSTRAINTS,S2P_TRN_DT,7,DATE,12,Y
SYSTEM_CONSTRAINTS,SCHM_NM,255,VARCHAR2,15,Y
SYSTEM_CONSTRAINTS,SORT_ORDR,100,VARCHAR2,27,Y
SYSTEM_CONSTRAINTS,STRT_DT,11,TIMESTAMP(6),29,Y
SYSTEM_CONSTRAINTS,TABLE_ID,22,NUMBER,2,N
SYSTEM_CONSTRAINTS,TBL_NM,255,VARCHAR2,16,Y
SYSTEM_TABLES,ATL_NM,255,VARCHAR2,13,Y
SYSTEM_TABLES,CONN_NM,255,VARCHAR2,20,Y
SYSTEM_TABLES,CREAT_DT,7,DATE,5,Y
SYSTEM_TABLES,CREAT_USR_ID,50,VARCHAR2,6,Y
SYSTEM_TABLES,CTLG_NM,255,VARCHAR2,14,Y
SYSTEM_TABLES,END_DT,11,TIMESTAMP(6),19,Y
SYSTEM_TABLES,FLD_DELETE,22,NUMBER,8,Y
SYSTEM_TABLES,LOGCL_ENTTY_NM,255,VARCHAR2,17,Y
SYSTEM_TABLES,LST_DEL_DT,7,DATE,9,Y
SYSTEM_TABLES,LST_UPD_DT,7,DATE,11,Y
SYSTEM_TABLES,LST_UPD_USR_ID,50,VARCHAR2,7,Y
SYSTEM_TABLES,S2P_TRN_DT,7,DATE,10,Y
SYSTEM_TABLES,SCHM_NM,255,VARCHAR2,16,Y
SYSTEM_TABLES,STRT_DT,11,TIMESTAMP(6),18,Y
SYSTEM_TABLES,SYSTEM_ID,22,NUMBER,2,N
SYSTEM_TABLES,SYS_TBL_NM,200,VARCHAR2,12,Y
SYSTEM_TABLES,TABLE_DESC,"1,000",VARCHAR2,4,Y
SYSTEM_TABLES,TABLE_ID,22,NUMBER,1,N
SYSTEM_TABLES,TABLE_NM,50,VARCHAR2,3,N
SYSTEM_TABLES,TYP_NM,255,VARCHAR2,15,Y
TEST_RESULTS,CADSR_CNT,22,NUMBER,4,Y
TEST_RESULTS,RA_CNT,22,NUMBER,2,Y
TEST_RESULTS,TABLE_NAME,50,VARCHAR2,1,N
TEST_RESULTS,WA_CNT,22,NUMBER,3,Y
UOM,CREAT_DT,7,DATE,4,Y
UOM,CREAT_USR_ID,50,VARCHAR2,5,Y
UOM,FLD_DELETE,22,NUMBER,7,Y
UOM,LST_DEL_DT,7,DATE,8,Y
UOM,LST_UPD_DT,7,DATE,10,Y
UOM,LST_UPD_USR_ID,50,VARCHAR2,6,Y
UOM,NCI_CD,20,VARCHAR2,13,Y
UOM,S2P_TRN_DT,7,DATE,9,Y
UOM,UOM_CMNTS,"4,000",VARCHAR2,12,Y
UOM,UOM_DESC,255,VARCHAR2,11,Y
UOM,UOM_ID,22,NUMBER,3,N
UOM,UOM_NM,100,VARCHAR2,1,N
UOM,UOM_PREC,22,NUMBER,2,Y
USR_GRP,CREAT_DT,7,DATE,3,Y
USR_GRP,CREAT_USR_ID,50,VARCHAR2,4,Y
USR_GRP,FLD_DELETE,22,NUMBER,6,Y
USR_GRP,LST_DEL_DT,7,DATE,7,Y
USR_GRP,LST_UPD_DT,7,DATE,9,Y
USR_GRP,LST_UPD_USR_ID,50,VARCHAR2,5,Y
USR_GRP,S2P_TRN_DT,7,DATE,8,Y
USR_GRP,USR_GRP_DESC,50,VARCHAR2,2,N
USR_GRP,USR_GRP_ID,22,NUMBER,1,N
VALUE_DOM,CHAR_SET_ID,22,NUMBER,21,Y
VALUE_DOM,CONC_DOM_ITEM_ID,22,NUMBER,9,N
VALUE_DOM,CONC_DOM_VER_NR,22,NUMBER,7,N
VALUE_DOM,CREAT_DT,7,DATE,6,Y
VALUE_DOM,CREAT_USR_ID,50,VARCHAR2,8,Y
VALUE_DOM,DTTYPE_ID,22,NUMBER,2,Y
VALUE_DOM,FLD_DELETE,22,NUMBER,12,Y
VALUE_DOM,ITEM_ID,22,NUMBER,17,N
VALUE_DOM,LST_DEL_DT,7,DATE,14,Y
VALUE_DOM,LST_UPD_DT,7,DATE,18,Y
VALUE_DOM,LST_UPD_USR_ID,50,VARCHAR2,10,Y
VALUE_DOM,NCI_DEC_PREC,22,NUMBER,31,Y
VALUE_DOM,NCI_STD_DTTYPE_ID,22,NUMBER,32,Y
VALUE_DOM,NON_ENUM_VAL_DOM_DESC,"4,000",VARCHAR2,1,Y
VALUE_DOM,REP_CLS_ITEM_ID,22,NUMBER,13,Y
VALUE_DOM,REP_CLS_VER_NR,22,NUMBER,11,Y
VALUE_DOM,S2P_TRN_DT,7,DATE,16,Y
VALUE_DOM,UOM_ID,22,NUMBER,5,Y
VALUE_DOM,VAL_DOM_FMT_ID,22,NUMBER,20,Y
VALUE_DOM,VAL_DOM_HIGH_VAL_NUM,50,VARCHAR2,23,Y
VALUE_DOM,VAL_DOM_LOW_VAL_NUM,50,VARCHAR2,24,Y
VALUE_DOM,VAL_DOM_MAX_CHAR,22,NUMBER,3,Y
VALUE_DOM,VAL_DOM_MIN_CHAR,22,NUMBER,19,Y
VALUE_DOM,VAL_DOM_SYS_NM,500,VARCHAR2,22,Y
VALUE_DOM,VAL_DOM_TYP_ID,22,NUMBER,4,Y
VALUE_DOM,VER_NR,22,NUMBER,15,N
VALUE_DOM,X_VAL_DOM_ITEM_ID,22,NUMBER,25,Y
VALUE_DOM,X_VAL_DOM_VER_NR,22,NUMBER,28,Y
VALUE_DOM,Y_VAL_DOM_ITEM_ID,22,NUMBER,26,Y
VALUE_DOM,Y_VAL_DOM_VER_NR,22,NUMBER,29,Y
VALUE_DOM,Z_VAL_DOM_ITEM_ID,22,NUMBER,27,Y
VALUE_DOM,Z_VAL_DOM_VER_NR,22,NUMBER,30,Y
VAL_DOM_REL,CREAT_DT,7,DATE,5,Y
VAL_DOM_REL,CREAT_USR_ID,50,VARCHAR2,7,Y
VAL_DOM_REL,FLD_DELETE,22,NUMBER,9,Y
VAL_DOM_REL,LST_DEL_DT,7,DATE,10,Y
VAL_DOM_REL,LST_UPD_DT,7,DATE,12,Y
VAL_DOM_REL,LST_UPD_USR_ID,50,VARCHAR2,8,Y
VAL_DOM_REL,PRMRY_ITEM_ID,22,NUMBER,2,N
VAL_DOM_REL,PRMRY_VER_NR,22,NUMBER,3,N
VAL_DOM_REL,S2P_TRN_DT,7,DATE,11,Y
VAL_DOM_REL,SCNDRY_ITEM_ID,22,NUMBER,4,N
VAL_DOM_REL,SCNDRY_VER_NR,22,NUMBER,6,N
VAL_DOM_REL,VAL_DOM_REL_TYP_ID,22,NUMBER,1,N
VAL_MEAN,CREAT_DT,7,DATE,8,Y
VAL_MEAN,CREAT_USR_ID,50,VARCHAR2,9,Y
VAL_MEAN,FLD_DELETE,22,NUMBER,11,Y
VAL_MEAN,LST_DEL_DT,7,DATE,12,Y
VAL_MEAN,LST_UPD_DT,7,DATE,14,Y
VAL_MEAN,LST_UPD_USR_ID,50,VARCHAR2,10,Y
VAL_MEAN,S2P_TRN_DT,7,DATE,13,Y
VAL_MEAN,SUPERCEDED_BY_VAL_MEAN_ID,22,NUMBER,7,Y
VAL_MEAN,VAL_MEAN_BEG_DT,7,DATE,3,Y
VAL_MEAN,VAL_MEAN_CMNTS,"2,000",VARCHAR2,6,Y
VAL_MEAN,VAL_MEAN_DESC,750,VARCHAR2,2,N
VAL_MEAN,VAL_MEAN_END_DT,7,DATE,4,Y
VAL_MEAN,VAL_MEAN_ID,22,NUMBER,1,N
VAL_MEAN,VAL_MEAN_LONG_DESC,"2,000",VARCHAR2,5,Y
VAL_MEAN,X_AXIS_VM_ID,22,NUMBER,15,Y
VAL_MEAN,Y_AXIS_VM_ID,22,NUMBER,16,Y
VAL_MEAN,Z_AXIS_VM_ID,22,NUMBER,17,Y
VAL_MEAN_LANG_VAR,CREAT_DT,7,DATE,4,Y
VAL_MEAN_LANG_VAR,CREAT_USR_ID,50,VARCHAR2,5,Y
VAL_MEAN_LANG_VAR,FLD_DELETE,22,NUMBER,7,Y
VAL_MEAN_LANG_VAR,LANG_ID,22,NUMBER,2,N
VAL_MEAN_LANG_VAR,LST_DEL_DT,7,DATE,8,Y
VAL_MEAN_LANG_VAR,LST_UPD_DT,7,DATE,10,Y
VAL_MEAN_LANG_VAR,LST_UPD_USR_ID,50,VARCHAR2,6,Y
VAL_MEAN_LANG_VAR,S2P_TRN_DT,7,DATE,9,Y
VAL_MEAN_LANG_VAR,VAL_MEAN_ALT_NM,150,VARCHAR2,3,Y
VAL_MEAN_LANG_VAR,VAL_MEAN_ID,22,NUMBER,1,N
VER_LVL_OPTS,ADMIN_ITEM_TYP_ID,22,NUMBER,2,Y
VER_LVL_OPTS,COPY_IND,22,NUMBER,4,Y
VER_LVL_OPTS,CREAT_DT,7,DATE,6,Y
VER_LVL_OPTS,CREAT_USR_ID,50,VARCHAR2,7,Y
VER_LVL_OPTS,ENTTY_DESC,255,VARCHAR2,5,N
VER_LVL_OPTS,ENTTY_NM,20,VARCHAR2,3,N
VER_LVL_OPTS,FLD_DELETE,22,NUMBER,9,Y
VER_LVL_OPTS,LST_DEL_DT,7,DATE,10,Y
VER_LVL_OPTS,LST_UPD_DT,7,DATE,12,Y
VER_LVL_OPTS,LST_UPD_USR_ID,50,VARCHAR2,8,Y
VER_LVL_OPTS,S2P_TRN_DT,7,DATE,11,Y
VER_LVL_OPTS,VER_LVL_OPT_ID,22,NUMBER,1,N
VW_CLSFCTN_SCHM,ADMIN_STUS_NM_DN,50,VARCHAR2,9,Y
VW_CLSFCTN_SCHM,CLSFCTN_SCHM_TYP_ID,22,NUMBER,17,Y
VW_CLSFCTN_SCHM,CNTXT_ITEM_ID,22,NUMBER,19,Y
VW_CLSFCTN_SCHM,CNTXT_NM_DN,175,VARCHAR2,6,Y
VW_CLSFCTN_SCHM,CNTXT_VER_NR,22,NUMBER,20,Y
VW_CLSFCTN_SCHM,CREAT_DT,7,DATE,10,Y
VW_CLSFCTN_SCHM,CREAT_USR_ID,50,VARCHAR2,11,Y
VW_CLSFCTN_SCHM,CURRNT_VER_IND,22,NUMBER,7,N
VW_CLSFCTN_SCHM,FLD_DELETE,22,NUMBER,13,Y
VW_CLSFCTN_SCHM,ITEM_DESC,"4,000",VARCHAR2,5,Y
VW_CLSFCTN_SCHM,ITEM_ID,22,NUMBER,1,N
VW_CLSFCTN_SCHM,ITEM_LONG_NM,30,VARCHAR2,4,Y
VW_CLSFCTN_SCHM,ITEM_NM,255,VARCHAR2,3,N
VW_CLSFCTN_SCHM,LST_DEL_DT,7,DATE,14,Y
VW_CLSFCTN_SCHM,LST_UPD_DT,7,DATE,16,Y
VW_CLSFCTN_SCHM,LST_UPD_USR_ID,50,VARCHAR2,12,Y
VW_CLSFCTN_SCHM,NCI_IDSEQ,36,CHAR,18,Y
VW_CLSFCTN_SCHM,REGSTR_STUS_NM_DN,50,VARCHAR2,8,Y
VW_CLSFCTN_SCHM,S2P_TRN_DT,7,DATE,15,Y
VW_CLSFCTN_SCHM,VER_NR,22,NUMBER,2,N
VW_CLSFCTN_SCHM_ITEM,ADMIN_STUS_NM_DN,50,VARCHAR2,9,Y
VW_CLSFCTN_SCHM_ITEM,CNTXT_NM_DN,175,VARCHAR2,6,Y
VW_CLSFCTN_SCHM_ITEM,CREAT_DT,7,DATE,10,Y
VW_CLSFCTN_SCHM_ITEM,CREAT_USR_ID,50,VARCHAR2,11,Y
VW_CLSFCTN_SCHM_ITEM,CURRNT_VER_IND,22,NUMBER,7,N
VW_CLSFCTN_SCHM_ITEM,FLD_DELETE,22,NUMBER,13,Y
VW_CLSFCTN_SCHM_ITEM,ITEM_DESC,"4,000",VARCHAR2,5,Y
VW_CLSFCTN_SCHM_ITEM,ITEM_ID,22,NUMBER,1,N
VW_CLSFCTN_SCHM_ITEM,ITEM_LONG_NM,30,VARCHAR2,4,Y
VW_CLSFCTN_SCHM_ITEM,ITEM_NM,255,VARCHAR2,3,N
VW_CLSFCTN_SCHM_ITEM,LST_DEL_DT,7,DATE,14,Y
VW_CLSFCTN_SCHM_ITEM,LST_UPD_DT,7,DATE,16,Y
VW_CLSFCTN_SCHM_ITEM,LST_UPD_USR_ID,50,VARCHAR2,12,Y
VW_CLSFCTN_SCHM_ITEM,NCI_IDSEQ,36,CHAR,17,Y
VW_CLSFCTN_SCHM_ITEM,REGSTR_STUS_NM_DN,50,VARCHAR2,8,Y
VW_CLSFCTN_SCHM_ITEM,S2P_TRN_DT,7,DATE,15,Y
VW_CLSFCTN_SCHM_ITEM,VER_NR,22,NUMBER,2,N
VW_CNCPT,ADMIN_STUS_NM_DN,50,VARCHAR2,12,Y
VW_CNCPT,CREATION_DT,7,DATE,6,Y
VW_CNCPT,CREAT_DT,7,DATE,13,Y
VW_CNCPT,CREAT_USR_ID,50,VARCHAR2,14,Y
VW_CNCPT,CURRNT_VER_IND,22,NUMBER,10,N
VW_CNCPT,DEF_SRC,"2,000",VARCHAR2,20,Y
VW_CNCPT,EFF_DT,7,DATE,7,Y
VW_CNCPT,EVS_SRC,500,VARCHAR2,21,Y
VW_CNCPT,FLD_DELETE,22,NUMBER,16,Y
VW_CNCPT,ITEM_DESC,"4,000",VARCHAR2,5,Y
VW_CNCPT,ITEM_ID,22,NUMBER,1,N
VW_CNCPT,ITEM_LONG_NM,30,VARCHAR2,4,Y
VW_CNCPT,ITEM_NM,255,VARCHAR2,3,N
VW_CNCPT,LST_DEL_DT,7,DATE,17,Y
VW_CNCPT,LST_UPD_DT,7,DATE,19,Y
VW_CNCPT,LST_UPD_USR_ID,50,VARCHAR2,15,Y
VW_CNCPT,ORIGIN,500,VARCHAR2,8,Y
VW_CNCPT,REGSTR_STUS_NM_DN,50,VARCHAR2,11,Y
VW_CNCPT,S2P_TRN_DT,7,DATE,18,Y
VW_CNCPT,UNTL_DT,7,DATE,9,Y
VW_CNCPT,VER_NR,22,NUMBER,2,N
VW_CNTXT,ADMIN_STUS_NM_DN,50,VARCHAR2,9,Y
VW_CNTXT,CNTXT_NM_DN,175,VARCHAR2,6,Y
VW_CNTXT,CREAT_DT,7,DATE,10,Y
VW_CNTXT,CREAT_USR_ID,50,VARCHAR2,11,Y
VW_CNTXT,CURRNT_VER_IND,22,NUMBER,7,N
VW_CNTXT,FLD_DELETE,22,NUMBER,13,Y
VW_CNTXT,ITEM_DESC,"4,000",VARCHAR2,5,Y
VW_CNTXT,ITEM_ID,22,NUMBER,1,N
VW_CNTXT,ITEM_LONG_NM,30,VARCHAR2,4,Y
VW_CNTXT,ITEM_NM,255,VARCHAR2,3,N
VW_CNTXT,LST_DEL_DT,7,DATE,14,Y
VW_CNTXT,LST_UPD_DT,7,DATE,16,Y
VW_CNTXT,LST_UPD_USR_ID,50,VARCHAR2,12,Y
VW_CNTXT,NCI_PRG_AREA_ID,22,NUMBER,17,N
VW_CNTXT,REGSTR_STUS_NM_DN,50,VARCHAR2,8,Y
VW_CNTXT,S2P_TRN_DT,7,DATE,15,Y
VW_CNTXT,VER_NR,22,NUMBER,2,N
VW_CONC_DOM,ADMIN_STUS_NM_DN,50,VARCHAR2,9,Y
VW_CONC_DOM,CNTXT_NM_DN,175,VARCHAR2,6,Y
VW_CONC_DOM,CREAT_DT,7,DATE,10,Y
VW_CONC_DOM,CREAT_USR_ID,50,VARCHAR2,11,Y
VW_CONC_DOM,CURRNT_VER_IND,22,NUMBER,7,N
VW_CONC_DOM,FLD_DELETE,22,NUMBER,13,Y
VW_CONC_DOM,ITEM_DESC,"4,000",VARCHAR2,5,Y
VW_CONC_DOM,ITEM_ID,22,NUMBER,1,N
VW_CONC_DOM,ITEM_LONG_NM,30,VARCHAR2,4,Y
VW_CONC_DOM,ITEM_NM,255,VARCHAR2,3,N
VW_CONC_DOM,LST_DEL_DT,7,DATE,14,Y
VW_CONC_DOM,LST_UPD_DT,7,DATE,16,Y
VW_CONC_DOM,LST_UPD_USR_ID,50,VARCHAR2,12,Y
VW_CONC_DOM,REGSTR_STUS_NM_DN,50,VARCHAR2,8,Y
VW_CONC_DOM,S2P_TRN_DT,7,DATE,15,Y
VW_CONC_DOM,VER_NR,22,NUMBER,2,N
VW_MV,ADMIN_STUS_NM_DN,50,VARCHAR2,12,Y
VW_MV,CREATION_DT,7,DATE,6,Y
VW_MV,CREAT_DT,7,DATE,13,Y
VW_MV,CREAT_USR_ID,50,VARCHAR2,14,Y
VW_MV,CURRNT_VER_IND,22,NUMBER,10,N
VW_MV,DEF_SRC,"2,000",VARCHAR2,20,Y
VW_MV,EFF_DT,7,DATE,7,Y
VW_MV,EVS_SRC,500,VARCHAR2,21,Y
VW_MV,FLD_DELETE,22,NUMBER,16,Y
VW_MV,ITEM_DESC,"4,000",VARCHAR2,5,Y
VW_MV,ITEM_ID,22,NUMBER,1,N
VW_MV,ITEM_LONG_NM,30,VARCHAR2,4,Y
VW_MV,ITEM_NM,255,VARCHAR2,3,N
VW_MV,LST_DEL_DT,7,DATE,17,Y
VW_MV,LST_UPD_DT,7,DATE,19,Y
VW_MV,LST_UPD_USR_ID,50,VARCHAR2,15,Y
VW_MV,ORIGIN,500,VARCHAR2,8,Y
VW_MV,REGSTR_STUS_NM_DN,50,VARCHAR2,11,Y
VW_MV,S2P_TRN_DT,7,DATE,18,Y
VW_MV,UNTL_DT,7,DATE,9,Y
VW_MV,VER_NR,22,NUMBER,2,N
VW_REP_CLS,ADMIN_STUS_NM_DN,50,VARCHAR2,9,Y
VW_REP_CLS,CNTXT_NM_DN,175,VARCHAR2,6,Y
VW_REP_CLS,CREAT_DT,7,DATE,10,Y
VW_REP_CLS,CREAT_USR_ID,50,VARCHAR2,11,Y
VW_REP_CLS,CURRNT_VER_IND,22,NUMBER,7,N
VW_REP_CLS,FLD_DELETE,22,NUMBER,13,Y
VW_REP_CLS,ITEM_DESC,"4,000",VARCHAR2,5,Y
VW_REP_CLS,ITEM_ID,22,NUMBER,1,N
VW_REP_CLS,ITEM_LONG_NM,30,VARCHAR2,4,Y
VW_REP_CLS,ITEM_NM,255,VARCHAR2,3,N
VW_REP_CLS,LST_DEL_DT,7,DATE,14,Y
VW_REP_CLS,LST_UPD_DT,7,DATE,16,Y
VW_REP_CLS,LST_UPD_USR_ID,50,VARCHAR2,12,Y
VW_REP_CLS,REGSTR_STUS_NM_DN,50,VARCHAR2,8,Y
VW_REP_CLS,S2P_TRN_DT,7,DATE,15,Y
VW_REP_CLS,VER_NR,22,NUMBER,2,N
